Date,Health Care,Industrials,Information Technology,Consumer Discretionary,Financials,Consumer Staples,Utilities,Materials,Real Estate,Energy,Communication Services
2024-04-25,,,,,,,,,,,
2024-04-26,0.0031162009264231686,0.0014067591916126587,0.01174540423045486,0.005749084865863059,-0.0013303382944636398,-0.0028219684227662775,-0.010253827931968697,0.008607061904666272,0.0011881375157628763,-0.004380293158648307,0.008154329430554766
2024-04-29,0.008530563820355152,0.007248504911327255,0.006083691318906894,0.00880735156143275,8.338539111421824e-05,0.005150148430770389,0.01620940880460926,0.01198181026143541,0.011601225569289808,0.006097737915264306,7.484802713707273e-05
2024-04-30,-0.01080971958321265,-0.015765700801042674,-0.017803751874798303,-0.02069957672719814,-0.011345323593994202,-0.008195886518897787,-0.004691062283475829,-0.01829210340642713,-0.01576096707156118,-0.0335372375743837,-0.02047484915266265
2024-05-01,0.0036876462311073452,-0.002448706269250184,-0.016342152952167177,-0.008646908024464162,0.0029392133021762727,-0.01221225229535609,0.010530979622239983,0.004191157097196874,-0.0006122305762968869,-0.0204290078221518,0.011007010446025442
2024-05-02,0.00042728085720328534,0.00644358293683953,0.009387678414445915,0.010789783479762099,0.0068055722431895095,0.008177475809983535,0.007483896156329831,0.0060431517663337205,0.013094920800011562,0.005432720596409046,0.015100878049390606
2024-05-03,0.0032545152234783646,0.008588672518887609,0.015544636085067665,0.007255504576021157,0.0034888132754671906,0.0009361441813368666,0.005914861548315378,0.009620635640510874,0.006929845946206102,0.00336431698945866,0.011239465067304286
2024-05-06,0.0022537018877295764,0.013034737695681036,0.0153787623057893,0.01041239190993651,0.013586712025345248,-0.0032990566365616097,0.0039693193066335,0.010338779264036453,0.0038043289771896626,0.009891120688259702,0.011478636132652098
2024-05-07,0.006954885146398209,-0.00025219865230803796,-0.005585243221275324,-0.005860887059858447,0.001059244501472565,0.011672668205984066,0.007997634917895334,0.015403410199931545,0.006576244830540029,-0.0003709869023673146,-0.006489864365054568
2024-05-08,-0.006602883568426112,0.001276699400376722,0.0035835959757532106,-0.0027947839464797964,0.0024805362813612826,-0.002225553833990611,0.009328515028216178,-0.00363907636774903,-0.009065414162295674,-0.002290211977815315,-0.008476686984445586
2024-05-09,0.013285768317122653,0.009722556446450738,-0.0021526803588621697,0.011705217268577237,0.006209529973463988,0.007398832248124545,0.01500031268068534,0.010682245904692382,0.018338144648703935,0.01375634465210312,0.008879920596045573
2024-05-10,0.0037425818473777496,0.0020760782484066593,0.0049822602923633354,-0.0038579757669386034,0.0010857427129415016,0.007967625357210769,-0.0004824970519307977,-0.0015599152337883774,-0.001629628969859624,-0.00783785874401468,0.0036440077821343667
2024-05-13,0.0005094099569216049,-0.004107561626499255,0.0033228720496245936,0.001951271689634021,-0.004485050108478761,-0.0017025226700227302,-0.0016975188083613493,0.00021878691509047803,0.002329210139719744,-0.0014649259710097077,0.0029098235997762852
2024-05-14,0.0073380897918694545,0.002372115017191332,0.009950888552140203,0.0032568857904261223,0.007596325138702135,-0.003217624466698866,0.0013234594316722211,0.002754653707428196,0.0071904162612309655,0.0046064673304073355,0.005070884682683283
2024-05-15,0.011557990310113701,0.006966958320562588,0.023160808873692984,0.005646147201885978,0.008046600802346426,-0.004386619846346461,0.013318916306344304,0.00018448134434819244,0.014284910044243421,0.001875241214492078,0.005055763302114852
2024-05-16,-0.0009762172100422364,-0.008163509525654214,-0.0015191145941149946,-0.005324677832827085,-0.0021393435657001353,0.01192246793020562,-0.000900464768314785,-0.005061061609740234,-0.004342379888788072,0.00016295411723039004,0.0014907082924516164
2024-05-17,0.0008626048413341668,0.0006139357187875846,-0.0020801398744739186,0.0009990668186324939,0.007656541814221463,-0.005721895762855342,0.0009223224387514658,0.004930915099223422,-7.695455162026385e-05,0.012897632420900878,0.0002109331536853202
2024-05-20,-0.003155615826875044,0.0030490917651798816,0.011467940721203988,-0.0007208544658405337,-0.006368410892092461,-0.008172290138922955,-0.0027412434763361255,0.0007637539524979552,-0.00755359041082976,-0.0014867667332274161,0.008583602359238385
2024-05-21,-0.0037828285247505596,-0.0038923847793590964,-0.002652965382555149,-0.0020809907471041372,0.002838106314172402,0.0032817938323818673,0.007949021082703385,-0.0004050784012767391,0.0003295226993107219,-0.004428302748936564,-0.0035094799099717375
2024-05-22,0.0005844778629853572,0.0006675363283828855,0.008163953533717808,-0.015775385325500862,-0.005621276272027212,-0.0046748997484613464,-0.012877718764499824,-0.006866132554129064,-0.006952884223318659,-0.017573571668031408,0.0007887593860042147
2024-05-23,-0.01552446326811174,-0.011346091072092055,-0.009795457467261562,-0.014044134948507734,-0.017744873678701086,-0.012406707335182527,-0.019350127495015804,-0.00800710371349049,-0.021163018723508186,-0.009982772697823116,-0.012886930978175079
2024-05-24,0.0018854906623685579,0.009054342401027333,0.006358615431721025,0.01406611257202808,0.00998292991179018,0.0013910797807421488,0.007624374379596231,0.009433620861927932,0.0006539107650346766,0.0025555846643516493,0.01343968973976215
2024-05-28,-0.012230692128720974,-0.01425318581945818,-0.0018398235198457628,-0.0037043837849256973,-0.01171186519068062,-0.010982110464959654,-0.0032873781262228318,-0.0021183424787388464,-0.00927931047588377,0.010705337096756301,2.2683647926541317e-06
2024-05-29,-0.008027511895354257,-0.015868157462617768,-0.01063101579400152,-0.009856468892629252,-0.010612427698106112,-0.010474749071557678,-0.011681493191783,-0.016988969388581195,-0.01066588120567605,-0.01946885524307255,-0.004429959232517026
2024-05-30,-0.000553249085910974,0.006999172958801969,-0.012586728724560908,0.011811507987045564,0.006800298888067799,-0.001886645869152848,0.0139872513745526,0.009783531947012808,0.014553179604639525,0.004861760528151071,0.006568122783439202
2024-05-31,0.012065089679297184,0.011036797558047373,-0.0027351623618502656,0.01752565435188024,0.010775122161956502,0.02148444496174894,0.018915428872680655,0.0121894800645723,0.01938880845783662,0.020490598249053096,0.013908719103984871
2024-06-03,0.0035874018372649493,-0.012236051831733442,-0.0002969910445344754,0.0026624791893556693,-0.006916536281028357,-0.0012968410944419772,-0.01024846244221773,-0.008634483764132056,-0.0007203113352996666,-0.02521119733211996,0.0037327951227162696
2024-06-04,-0.0011909184408294877,-0.005595922996643784,-0.002792407693576912,-0.006263569436117056,-0.005017397726835953,0.0006223371311860963,0.0019252511632746668,-0.013670137982009448,0.006754658705059786,-0.008662728263978701,0.0012982534616415204
2024-06-05,0.007733320470561003,0.01233659942203035,0.023829939957738924,0.008495949204270494,0.0036597269207475983,-0.008296981556542855,-0.00662391579053699,0.0054315784259751,-0.00034814324962660224,0.0018517510061319005,0.008091865356003314
2024-06-06,0.0026318249873020535,-0.010587557705607788,-0.0031431341278764387,-0.00042055481591249784,-0.0003269770224579038,0.002041251425580846,-0.011177445557688364,-0.00033647627851104305,0.0013236896529542344,0.0035773954752116614,-0.0017466572148625663
2024-06-07,-0.0019522210291850583,8.467243454493533e-06,-0.0037530326281071864,-0.003297250103318649,-0.0004880148490448184,-0.004486715599816979,-0.009708992642404506,-0.008782056444621041,-0.007210959791611313,-0.0035960945245549843,-0.00963199657093621
2024-06-10,-0.0016833592419996653,0.005286403697734723,0.011485428347009328,0.002764529651875686,0.0006573020136575213,-0.0049806857974876535,0.00925764869314579,-0.0017775075761509087,0.0037999790050176206,0.022222717599104266,-0.005881258613062083
2024-06-11,-0.003262010343001906,-0.005597151947456762,0.0034942201319248883,-0.004947078161231924,-0.012372563245128868,-0.0007739999658489291,0.00014399354694581297,-0.0017717010551792588,-0.004556840881683081,0.0028899166516266088,-0.00538213628328744
2024-06-12,0.0025624655483972463,0.013672942744516197,0.01815243003583048,0.00957317310819592,0.007051010878230675,-0.007012919721668596,-0.006222237925192777,0.0023898812403913504,0.009380066449409518,-0.007735992900782504,0.0009416761234560302
2024-06-13,-0.002562806501958149,-0.0031900451442023517,0.0017438575873095332,-0.002759551436339374,-0.007035195956981644,-0.0010689228067011045,-4.123715876936904e-05,-0.005621055540058436,0.005510167588616816,-0.011344241044020572,-0.010756970670360905
2024-06-14,-0.003920257448541737,-0.012656689660799803,-0.0034797119651666366,-0.014161995088789797,-0.006408120497428647,-0.0009228830232335147,-0.0023634760313493933,-0.013081438083318069,0.0005405399766080501,-0.011275536314325122,-0.0025453326356385023
2024-06-17,-0.0016083168870032296,0.010272743355562235,0.012773257479544197,0.015164604334940568,0.010603599769475065,0.013946659806548415,-0.010014497451508902,0.007671588086733161,-0.003976172407756946,0.006140553973503301,0.0021080275297362533
2024-06-18,-0.0006772246551305107,0.006514799703287514,0.006616959130540414,-0.0016446752527408046,0.003929768155358399,-0.003473131267461717,0.0025591595321842616,-0.0016066915755129257,0.005289013700841271,0.003117488081134863,-0.001733093085923181
2024-06-20,0.003354461329160867,-0.00242501495144404,-0.009047399861506825,0.0009533187132398369,0.007025461946475177,-0.0018682764401370235,0.006609404244728083,-0.003164841161501474,-0.001878077635086141,0.013623362557490122,0.0053523176140179846
2024-06-21,0.0037505663296234734,-0.0013228924375336328,0.0026055199713654873,0.007251175818441597,-0.00030969215318294536,0.0043445956922364805,-0.0063840652350549126,0.001794998183633807,0.0037972662184651723,-0.008292907632763242,0.009925004676278984
2024-06-24,-9.661459116599727e-05,0.0056099500012844325,-0.010904240775770754,0.003935550945272975,0.0079548593565176,0.011965435705051724,0.013485535702845665,0.008434247620469461,0.007212952295222703,0.026471538213077295,0.0021244277155373034
2024-06-25,-0.006405571295123479,-0.009728052776004097,0.0063488963564435055,-0.010157549944647041,-0.007112272089781845,-0.009803955394229874,-0.01043166227872272,-0.014338085550433657,-0.013629197155100473,0.0015788382353097228,0.0032044186530290667
2024-06-26,-0.0035661086745539805,-0.004407469149113687,-0.004728358676599071,-0.0019704846392563807,-0.005702779735663088,-0.004128122669717927,-0.003064377192277615,0.003939017788749553,-0.0031949603390038226,-0.011320757809942688,-0.00011253460332023846
2024-06-27,-0.0009326502398438965,0.0013686024500767187,0.007230022250690828,0.00042929964638619463,0.0017660128987050585,-0.0014207821311433232,0.002929778899934943,-0.005498964096908719,0.008905252911110583,0.00020388441985515836,0.003543764604540834
2024-06-28,-0.003777361043641321,-0.0013076903978104936,0.003194165914463437,-0.002367740473018346,0.005023159663162234,-0.002128171993830269,-0.007386473391454148,0.00035742090017437477,0.008555961086133882,0.005444258437833416,0.00024314154053649284
2024-07-01,-0.009605072088183958,-0.013139694127764244,0.000577196208407733,-0.017663571174805128,0.0005849368411413476,-0.005405478449959749,-0.0067321738865645485,-0.013732439750392296,-0.010506015730571151,0.0010776281035853091,-0.008049598530761126
2024-07-02,-0.0019698186842428147,0.006150885841015556,0.007427771320078878,0.001363070183454464,0.007329711188468114,0.0041165693768729465,0.003423464424240041,-0.0006402134739931231,0.004210855250974443,0.0005897440735018997,0.011362613707903263
2024-07-03,-0.0029955489835894306,0.0063282688650705505,0.004626435847093731,-0.0005911448220352393,-0.0020943194766323667,-0.004446867075476899,0.0036640155898470983,0.005133128115217026,-0.002100710993488383,0.00591368846816227,0.004771596308177713
2024-07-05,0.004958645791765092,-0.004955744275007797,0.0031433735684187718,-0.0008072129711495295,-0.004649241200367528,0.005952775878743646,0.0005346053423190404,-0.004228756153387217,0.0018401578782062712,-0.01588020402996866,0.004346021816518812
2024-07-08,-0.0009513936111279046,0.0023910835793885957,0.009187003858159258,0.00416812224209744,-0.00035721186699620803,-0.00041267595069767124,0.0011010078786140665,0.005103864551232205,0.0021958426431954716,-0.0031914583786635,-0.0054098855264722995
2024-07-09,-0.00032498520965170324,-0.005069473061352184,-0.005522091437946248,-0.0037279478756882278,0.005022503832022333,-0.00601971552802955,0.0030383686382222737,-0.012073521980755978,0.0005221409507091125,-0.006938918190135267,0.005940755008705477
2024-07-10,0.009316127438188349,0.011078335422170982,0.012231766894652132,0.007583373553418587,0.008620139972028524,0.005414922483566951,0.008640525239468792,0.014630061464127207,0.00721688172164879,0.005265261681477012,0.003085799626647336
2024-07-11,0.017054933883199196,0.014557637715302742,-0.006776805008377678,0.018143848882564758,0.012699246689716686,0.0070807953888849225,0.019413674243429272,0.019084705774886527,0.02428621923187297,0.012799072145832676,0.002662281056221724
2024-07-12,0.0035261156107052006,0.007249397379181201,0.013997027937301393,0.01590168062833469,0.006339766929224869,0.005769134256312692,0.0072680796933763695,0.008818076021363794,0.007160894455114475,0.004445264355201529,0.004674910844709061
2024-07-15,-0.007805150302974074,0.005620793131675366,0.0048718791730163365,-0.004279009086518715,0.015040023990803786,-0.007304166113594392,-0.022509028502869163,-0.0004076197576517161,0.005169020491906198,0.015612606917767047,0.0024990257221573866
2024-07-16,0.024158959376967472,0.028384963088853746,0.009940255686764264,0.02838242296840443,0.01228197613711451,0.010931297751393116,0.010065811009284902,0.022671267043252077,0.012569927151496215,0.0017712919623778219,0.015452807182713343
2024-07-17,0.00460047031414564,-0.015558969419633133,-0.03292695358961723,-0.012525388511679182,0.004908108048299116,0.015916726753694686,0.004554374815134787,-0.002040845012431839,0.008814976995845745,0.004705538723178567,-0.004639314965920456
2024-07-18,-0.017873886563547877,-0.007152287064423119,-0.007226356322407787,-0.013188447402772741,-0.010750557534265083,-0.005362923687065971,-0.0014278631800352184,-0.009730837678041622,-0.00803408015983761,-0.0006930849379445709,-0.0052903222212380835
2024-07-19,0.0006275270833448767,-0.005389806694652794,-0.01375422128013132,-0.0035402927301872284,-0.008317420534570259,-0.0065115995829209935,0.0004077956455516222,-0.01165658969987856,-0.0025755648336033563,-0.00540809598241348,-0.007525462889233753
2024-07-22,0.008546258654566572,0.013031983489313876,0.019314415963703525,0.0059806847685709,0.009695091225952832,-0.0005873483344592241,0.008779777824992773,0.006260078635277065,0.0096249562707337,-0.004701212463730186,0.0013614727601940352
2024-07-23,-0.002655537422605231,-0.0019216940043861772,-0.005538179516207794,-0.004553438065058398,0.002373563137753321,-0.007225530474510929,-0.005450112774603883,-0.0013190788381245509,-0.00225720973835458,-0.014380150106550794,0.0008902579568682752
2024-07-24,0.008701423380676135,-0.02476783710405439,-0.02947521191339443,-0.02411546967551465,-0.012639151494684723,-0.004552561050292433,0.00861567908620013,-0.012312715496382626,-0.015110467924212398,-0.007708092749586489,-0.017752824387754284
2024-07-25,-0.0037916603905394164,0.008866532375932767,-0.007138596896354247,-0.009749879322336244,0.006727224413890141,0.001972564851576252,-0.004535677918233623,0.00506972351150278,-0.0037670018279533125,0.011440002300965237,-0.0046213783562715355
2024-07-26,0.006356113362209313,0.01961071977223218,0.015761508700755465,0.021223466705682755,0.01459832010730769,0.013608389290931786,0.009957521083288777,0.017903604159347594,0.019324641290624934,0.007043967749078773,0.016988787858599048
2024-07-29,0.005796279248450211,-0.0007638701172824209,-0.002270563880404263,0.00923823823830972,-0.0031277972993921294,-0.0013095273761639568,0.004649175308519389,0.0008247971264737259,0.005520901437827277,-0.006578782454458743,0.005701352252235924
2024-07-30,0.009542683120181318,0.004315839541507454,-0.015657328328313447,0.0035182131237221476,0.011178315941865946,0.0019913171315012797,0.00597939822470554,0.00023734000455160207,0.005975323856472424,0.011830067855031262,0.00535247328935758
2024-07-31,-0.0035829442704808623,0.009498094188063456,0.028949156624432235,0.006980305104464586,-0.002093089638079601,-0.002700941193140376,0.009529350585332216,0.01006043621923893,-0.005373813716422462,0.005190081631104257,0.01219663300436181
2024-08-01,0.005298718578364486,-0.01998196647860455,-0.03535087708306879,-0.022176772127504303,-0.016269961310551924,0.003555391678396058,0.017419519566074213,-0.00731326137666678,0.013439816135001751,-0.02134106621054477,-0.009193143824552519
2024-08-02,-0.007501476621822466,-0.02277506327187464,-0.03738445041793809,-0.02541651170430177,-0.02573310262464465,0.005196205926146111,-0.0015706338386818736,-0.02643155877506149,-0.0004614567160042719,-0.03807044320915677,-0.01736740813398224
2024-08-05,-0.02531429070572178,-0.01846281134957687,-0.025249977747714904,-0.023937306064453656,-0.029305856996406112,-0.019082591471390783,-0.02792897121677687,-0.02381293181016846,-0.026287877153704526,-0.023484256019103696,-0.028368237902701012
2024-08-06,0.004607957941206265,0.009961447384616054,0.01229586783461702,0.015544152680757779,0.013781732511110657,0.007863978614533852,0.008843567027160954,0.005969608891621547,0.024230558031981916,0.011999202854423473,0.014566562757996082
2024-08-07,-0.01618825082304777,-0.006632240979222272,-0.013055118340869388,-0.016663972173533593,-0.0019350695215634988,-0.0015110485137065125,0.00454763156605858,-0.014688769945981247,-0.007925980415389826,0.0023903384709219903,-0.00209998422047758
2024-08-08,0.021762224722578744,0.024211837336817067,0.04006918575462341,0.023247639898091345,0.01886658657659167,0.004618021963804786,0.00468150531364401,0.01892901493632882,0.008780420529726904,0.027301375477692128,0.015385538435824209
2024-08-09,-0.0022508778183435423,0.00022889295849066928,0.004458166871254575,0.0018202018789140978,0.005691540421741775,-0.0004217103803402894,0.0033764824679864466,-0.0016256673352265565,0.004868774875153172,-0.0008229194282687515,0.0058532977339803794
2024-08-12,-0.005478934131365895,-0.00557902687659958,0.0012038072167559703,-0.0076724542452777655,-0.00604576117564931,-0.009690211285337293,0.0017375738764105564,-0.007290707830707499,-0.0073683207635027535,0.009659237522849785,-0.011965690027636533
2024-08-13,0.012541771387741025,0.012585234847632762,0.02556591966800797,0.02065840985851804,0.010113086703877786,0.007508941574293739,0.006144987957744036,0.012466865846406784,0.007446079743329108,-0.012390027239263109,0.014413279613143856
2024-08-14,-0.0014116576788523148,0.003410571539295735,0.0019821231962621547,-0.006508399396929224,0.012036997101816873,0.004678714318677454,0.0007212734637156866,-0.0028854276277889067,0.002466837876209178,0.004472538209323806,-0.0021370216019374563
2024-08-15,0.0137585097339574,0.014473775791578913,0.031485166072057966,0.02740121067349374,0.009847593877605098,0.007828301477188916,0.0010521739296458893,0.02009556465030128,-0.0005565296978571476,0.013746032280024438,0.010881288776861337
2024-08-16,0.004274595746023086,-0.0026380703670627697,0.0019965441318976936,0.0013055035061535175,0.007707851642962772,0.004312216389710046,0.00324963977054842,-6.0858706175433104e-05,0.0004191218019363264,-0.00154367680616908,0.0066216180743756585
2024-08-19,0.007614325442104365,0.007442883863374772,0.009419755580977083,0.010987610967526668,0.006487503664722511,0.006033277568775148,0.0061177370566588745,0.0066052674574314536,0.006709297952500787,0.009695136209832467,0.01157150033639052
2024-08-20,-0.00624661980097667,-0.003457987985354504,-0.0026434321058618052,-0.005644423292346644,-0.005683873314053804,-0.0009839990952901702,-0.001833855460851836,-0.004779619456472463,0.0002746499593205473,-0.025294196743548637,-0.00011990469528891841
2024-08-21,0.0037093969737855854,0.009517719149789583,0.012549468009278275,0.01707131173098084,0.0009168559769630624,0.008050862286042687,0.007005051017284576,0.015080061262806841,0.005732969192003827,0.0016437637305165515,0.007412145963935264
2024-08-22,-0.0033590907672384493,-0.0021365130418826692,-0.018749505101465256,-0.009879466273061676,0.004213178734136934,-0.0027098877774307407,0.0012918112663059247,-0.0026785101089885823,0.005284002588536881,0.00016325460131708355,-0.005862834947775841
2024-08-23,0.008855255969420725,0.013967758847191534,0.017084589148457147,0.023807697671643622,0.01337358716679852,0.004643802707529756,0.0029947489992237027,0.017363359093913386,0.019359506959083148,0.01759731573048362,0.013552264732784855
2024-08-26,-0.0029238194782616653,-0.0024385356471640415,-0.009747163150520977,-0.004318908944047646,0.0024954948439312864,0.005208125660944677,0.005319051871384426,0.0026681043880208634,-0.0003015281927233255,0.00565222784455873,0.003552814339807341
2024-08-27,0.0034568046601916686,-0.0010328079602783648,0.0043206468222675275,0.0022334483190895693,0.002541832765998383,-0.001944002628126245,-0.007112595958145718,-0.0027245600073190672,0.001877898387485787,-0.00874373188902573,-0.0037763241685115447
2024-08-28,0.0009427260351531092,-0.0005111797021397292,-0.013683047914672642,-0.008861830163335025,0.0010253779472557938,-0.002450743934215963,-3.0008351072163102e-05,-0.004551238841434965,-0.0014696795877628239,-0.004548711474396208,-0.005363469070035903
2024-08-29,0.00830972128811157,0.006125826689703505,0.00389421825678962,0.0017152284329790923,0.007005904911037932,-0.015309381874403798,0.005028523787623963,0.0074071017514232744,-0.0022294073944435677,0.012891295927705316,-0.004872657248931295
2024-08-30,0.0037327340372396317,0.012188592763097625,0.013869648354651107,0.003998894062530878,0.007796099526009461,0.007764095204692567,0.0067251896015650455,0.009196581752563139,0.009536098681345542,0.0030184511762467573,0.008094257810924104
2024-09-03,-0.004287838392264401,-0.02319880932097209,-0.040707195483473416,-0.014130112055154326,-0.008896434987698746,0.010407504314342009,-0.0017092486301165989,-0.026927282641993032,0.0007930040009984651,-0.02741245023294612,-0.01860594162389335
2024-09-04,-0.003988950191218285,-0.00041704541162020976,0.0016886256250259505,-0.00015108737437050102,-0.0011453157895849222,-0.0023447959547823975,0.007150517764291241,-0.004938702454235735,0.00040039489168125676,-0.014595403882329433,-0.0017480463497977449
2024-09-05,-0.008910379617234034,-0.011047592096923227,-0.007093420650416645,-0.0026054387077995922,-0.006222524731136729,0.002239284832453467,-0.002394237178936398,-0.008510544887066006,-0.003018025733831862,-0.004207669844384739,0.008013849214133215
2024-09-06,-0.00715043472562031,-0.009899690337438623,-0.024124275409945606,-0.01188697000470979,-0.017640339681209972,-0.0011449037139874582,-0.010713838179790833,-0.012619468011798099,-0.002717441067267442,-0.014375138340504594,-0.014626167553688804
2024-09-09,0.00617622495090895,0.015395365804431934,0.015078660755277121,0.008599071992721034,0.014087008583568558,0.004577094257273571,0.010254096368718166,0.006670249246108128,0.009888302263653283,-0.0021039962100155673,0.0029981681858585927
2024-09-10,0.00622704756563564,0.0029845061542059367,0.0055267469735535155,-0.006226199631004514,-0.005775822061025638,-0.005867389038038215,0.0037853600126278837,-0.0027050226643063778,0.015088411742983119,-0.010968691827299664,-0.0027467226282516613
2024-09-11,-0.000936274971827641,0.0036913609119685166,0.023503872145939412,0.006572017049154874,-0.004092398943034126,-0.011830792608151548,0.004605607063472651,0.006145617911133948,0.00022280514359018788,-0.006564390032087051,-0.0007160755658220016
2024-09-12,0.002482629056659935,0.008650807563685923,0.0019672424746938408,0.01116521228482875,0.006047932504915679,0.008157244317896691,0.0018027828927254966,0.008826578486919999,0.00431346405058357,0.006536804596761556,0.014544868254384785
2024-09-13,0.0074676903283656644,0.009046199672511884,0.011824464279427384,0.01688993371297227,0.008154429072207533,0.009413758642595667,0.014667966630679293,0.01225244396540198,0.010163277832370336,0.006578908152649817,0.017521177789169173
2024-09-16,0.008300619426792865,0.006235984625507714,0.0010969553865497802,0.00564823584762215,0.012455462482787411,0.005215502741470352,0.009434186779753585,0.008892737397865546,0.0023119966893531668,0.01176392733050654,0.010239582858845847
2024-09-17,-0.005521297994364179,0.006646051335680475,0.004509192280398054,0.007160170066483923,0.004949692806312775,-0.0032140975815153866,-0.001299061563493758,0.004830927697853702,-0.008743246215104049,0.015746121773755773,0.002412636251161402
2024-09-18,0.0006444419394072046,-0.001046936099857471,-0.005063273854917241,0.0005594363059852138,-0.0005587991464662837,-0.0018567720391518144,-0.006340235305732452,-0.0026620323434251485,-0.0003225098881086005,0.002003801615854864,0.000991434421171435
2024-09-19,0.006110343025140111,0.01923661492004774,0.02569594425032783,0.013929661075205024,0.014279414151204496,-0.004502864013844546,-0.0052804803921749155,0.019630317539430675,-0.001491087155272879,0.015436238907470402,0.006543720907719902
2024-09-20,-0.00901060042518876,-0.00645416762747625,-0.0017943536414638229,-0.003801086313155247,-0.0035624377751732597,-0.0027552232086506226,0.023839655213205233,-0.013825234837392286,-0.002929084858237235,-0.0012770685885725164,-0.00489563176666145
2024-09-23,-0.0015322971005616154,0.007114907363486907,0.004704735024235592,0.007012617813128986,0.0018081874274795914,0.004746736646235045,0.008200427995724954,0.00784357685121621,0.011796707627100826,0.01394342496937851,0.003728265211334028
2024-09-24,-0.0030570906278096547,0.0058974106698187366,0.0037984876256780924,0.009134112773521342,-0.0049755764637181,-0.002011074463363268,-0.00666894528767933,0.0144369867034443,-0.0012126149469483358,-0.0037219017247972145,0.007554801380877885
2024-09-25,-0.012163338155473246,-0.004597091742338507,-0.0019077410783207931,-0.008565511407977162,-0.008010666197317618,-0.005244527437844249,0.0045155492123452046,-0.007734963465330359,-0.005486000313004036,-0.017398632428398942,-0.0052268462676460055
2024-09-26,0.011005417895021644,0.009526213091122629,0.01966976656241885,0.018652025054945787,0.006634523045089964,0.009369643418251666,-0.003639770354687125,0.025099282697869166,-0.010473081941996113,-0.023494474371181292,0.006419543185184766
2024-09-27,0.004058571654012177,0.0013724106425252115,-0.006412308337750013,0.00808330761035947,0.004368273658977278,0.005125077449890658,0.009942978222902892,0.0006902277439363332,0.001812346338914132,0.020126613972037896,0.01081698785771846
2024-09-30,0.00458861268061143,0.004475566469693523,-0.0013888133158937443,-0.00454542669528296,0.001990132731368463,-0.002634300134797848,0.0050995334841788835,-0.004750575642264435,0.007651052159734115,0.004532152926785367,-0.0038262026751276815
2024-10-01,-0.011231352617891694,-0.0025408090301114296,-0.020558988228025224,-0.005661691281227046,-0.006134326054192568,-0.002164399963907052,0.007254283513023091,-0.0027781314598136105,-0.006378663656603036,0.02055369517146315,-0.0036231874189550602
2024-10-02,-0.005874946344997632,-0.0008327343182371962,0.010546080199371227,-0.0046197606620975735,0.002025603791319955,-0.010973230906436187,-0.0014040180513899315,-0.006041461426717097,-0.003962507908463549,0.011520556807867536,-0.0015631397622038652
2024-10-03,-0.011745112349895396,-0.004148561625760409,0.0006974220310713138,-0.006990439279776521,-0.0026194682512824586,-0.011000668239940663,-0.0017334342541995948,-0.009979767487174333,-0.008772517424909806,0.024793574903516403,-0.00648913960934049
2024-10-04,0.0039478451055799365,0.006957110182401331,0.010956630017766146,0.011894481127310116,0.01731098112111562,0.005473710450027608,-0.0017081614561631486,0.008630580465301695,-0.003597487418967826,0.00917522080061971,0.00740222214506255
2024-10-07,-0.010821092424795991,-0.0015845512318044335,-0.006366493074193413,-0.009609597832892421,-0.014434318373141334,-0.008549192217114764,-0.018820885921882084,-0.00430231063787065,-0.007144913775070814,0.0032864903759129427,-0.0072966543892405466
2024-10-08,0.005093671725726154,0.003043708627475479,0.011882295525995876,0.00463120365367055,0.00802172407271291,0.0020591899138662066,-0.0006943406335822989,-0.008270963831315727,0.0021719709472362587,-0.023853179936690797,0.008573916497337866
2024-10-09,0.00837667831424284,0.008226830445998121,0.012500186290873922,0.008241799516524978,0.010055968247255243,0.0021303177444980236,-0.008613198945043206,0.006606698544301537,0.0028358972301664783,0.007053992973658996,0.004877552068976591
2024-10-10,-0.0034322664287494923,-0.006808383964222886,-0.0034506502253491955,-0.004747577940401244,-0.0026823450954387125,-0.0018523497612085971,-0.005493792525020294,0.003019984584614346,-0.008245759150752175,0.008536544356536184,-0.010066173045564883
2024-10-11,0.00591438618327404,0.01636815671713401,0.00886618949145706,0.008361540037789092,0.016343897190060602,0.005151850902641691,0.00817451832098877,0.006013210710139532,0.01063057335862716,0.010177952181051542,0.006044411247318189
2024-10-14,0.006796947823153869,0.007818280276845046,0.00845355372248599,0.0046772899889678966,0.009622593973871175,0.0035390373282659445,0.011521372933659086,0.0045485382853309685,0.007289599537090114,-0.005013092893515758,0.004562067400528304
2024-10-15,-0.004489397559489759,-0.0073818426930604645,-0.020987730242790915,0.0019963577591684406,0.002572740257732806,0.0041248996516765595,0.0060893866555780645,-0.004579098926624038,0.011150172586328767,-0.03116013959231926,0.005877218927212699
2024-10-16,0.0002825795300793408,0.009654182714919518,0.0010134885594627128,0.008748796706110744,0.01048468905055057,0.0021919511802295654,0.01719484094692207,0.007659744497438861,0.009259036640802954,0.004420205484042589,0.0031160998821335114
2024-10-17,-0.00844427996990931,-0.0011793358706689754,0.0023231876162622318,-0.0032613952553989106,0.003690035687600397,-0.002369765917997025,-0.010225373362407933,-0.0002906913827346122,-0.004612279700955271,0.005544890038974071,-0.0029955520469634733
2024-10-18,0.0065761155569426565,0.002626168091176977,-0.0010087485668720231,0.004878573757312442,0.001927063791349633,0.0017775751288806715,0.006079803859374638,0.0037833459599754832,0.0074200623214828705,-0.004426734370459853,0.006465701672524152
2024-10-21,-0.0118645826354253,-0.004794933152576301,-0.003526791400009616,-0.01170787511113903,-0.00948530243412894,-0.009151932616448755,-0.00408879734262371,-0.009004970869882657,-0.019187418600895696,-0.0034767947103672855,-0.00777790973045651
2024-10-22,-0.002797957434774598,-0.009004084732571686,-0.004650712872463304,-0.011169273736309831,-0.002049088340502935,0.0015281640928462576,-0.00316619902794782,-0.006804523092584219,0.0016562031610459376,0.00127559838190049,0.0006865451416422688
2024-10-23,-0.005442048317818356,-0.004563066132573285,-0.0113670258793133,-0.009133008963544357,-0.001735511593970959,-0.0016018935634248051,0.010555338996520334,-0.0010896221457664898,0.008784100008757414,-0.00674779563944303,-0.0035059728209609806
2024-10-24,0.0011294678421963386,-0.005251768106583778,0.0037851821260754784,0.0056553384231534725,0.003488976255994608,-0.0011315755461125039,-0.003717615095367714,-0.007935243106419423,0.002317184877295508,0.002398128865106723,-0.0009659353540451184
2024-10-25,-0.007439725359307334,-0.0032699760985615755,0.004188581188684675,-3.677058971914203e-05,-0.011887306776774584,-0.0069582145216068435,-0.014455755183432421,-0.005315829936485269,-0.010052306502541276,0.002075653587599828,0.0008246007750694664
2024-10-28,0.0017440324060753025,0.007119778869979353,0.0016564209552077695,0.00841879988728624,0.013632298546973488,0.0033302043865180834,0.0070665262909746845,0.009727090573717805,0.003985963749399069,-0.00921064811233243,0.005877603561260024
2024-10-29,-0.0007660791169055564,-0.0012572656608820863,0.01596148636545249,-0.002818982403046102,-0.004468665815985448,-0.011285949935879514,-0.01905215509440701,-0.009274829708577039,-0.008586228418447233,-0.011806632477389419,0.006281934643574803
2024-10-30,0.00225474340792212,-0.0007659040557576061,-0.021722694966488817,-0.0002848997224729497,0.0020967532264253353,-0.003831090400213662,-0.00043308069419600143,0.012024556734583714,0.0032354792809424844,0.008406093143946625,0.00453033908922347
2024-10-31,-0.012174803516811324,-0.012596101500420934,-0.020428061561968216,-0.0104100815344084,-0.017010035369235503,-0.006051742593919541,0.011449408522182071,-0.006697266474577281,-0.019710170393196003,0.0016444241620663833,0.0008150547613578057
2024-11-01,0.015461935048183547,0.0010805629211467235,0.007181024566675664,0.0027108671292044623,-0.0027715094847768702,0.0015324081195818911,-0.023921256203386244,-0.003721476853243257,-0.010917722874686014,-0.012078442734588928,0.003920775618038557
2024-11-04,-0.0012382970874722492,0.00021129583787968563,-0.0009125361827707308,0.006927365449854456,-0.0034166388155487787,0.0016627540705054953,-0.006581537867387272,0.003621725779473766,0.013018166481375963,0.0183746837136923,-9.453080870432581e-06
2024-11-05,0.008425523327601837,0.020214224833069665,0.015056874195798502,0.010916155982301695,0.012588991238742062,0.006140614217095067,0.015358680961040736,-0.0015512357942959964,0.015927384937009032,0.010788174416266116,0.011351108298107085
2024-11-06,0.00614944960152774,0.037712960190476284,0.03098153307634804,0.016087689428464457,0.06165838267963517,-0.013093378873779284,-0.0064161476125510165,0.010981677657315572,-0.018595270443534245,0.05052378875924676,0.03325639069626838
2024-11-07,0.0014316460463439779,-0.004148750762422767,0.022322407956921992,0.009374195557281726,-0.014022230182907141,0.0007770938279097727,5.551869374522606e-05,0.0033620133962710764,0.011234140754928639,-0.0094465972215661,0.001014890776949375
2024-11-08,-0.0007312086075078288,0.013301606959871226,0.001283451707877698,0.0003667971134742439,0.008102789274307288,0.0067531014202900945,0.018021116356580668,-0.00962090437505272,0.01567091416102849,0.007611704220343826,-0.0053743836050421006
2024-11-11,-0.0011141264825011142,0.009101985903926031,-0.0038397676498412993,0.00916871454191752,0.01838676561538424,-0.0013428105186048024,0.007087576324174449,-0.0013118687027851516,-0.006220650076948594,0.014959064780552296,0.01080313582960915
2024-11-12,-0.008587701949260413,-0.009861752520079424,-0.007375337887630601,-0.008746368857321454,-0.0020900858860445895,0.000929975427148461,-0.008672263655417798,-0.022127867212299444,-0.012949960235737593,-0.0049031846727952385,-0.0014803730835521445
2024-11-13,-0.0039538816439349655,0.0030213897938220833,-0.005371601569411041,0.0007975296396081553,-0.002695309587164617,0.0031467482540798617,-0.0009902534834322478,0.002030206361886601,0.007585025961835756,0.003768422425654692,-0.0020945592630534915
2024-11-14,-0.016592419408657827,-0.015286536489480518,-0.009650735836524415,0.00044985548840245437,-0.0036822638068838894,-0.0004430570100852244,-0.004507689544578374,-0.007925262478039714,-0.010528620081109918,0.0013816629493235396,0.00478842984974287
2024-11-15,-0.01660810071906486,-0.007318984219461578,-0.022252254063922866,-0.00978100608753758,0.0045608430634711495,-0.01238472162686118,0.014922121338086444,-0.004120569124691146,-0.00018616997435711775,-0.001996622882374591,-0.015939655951904007
2024-11-18,0.004474672388805617,-0.00014957673459319392,0.007479982007939387,0.00021838498227222194,0.006389432385066857,0.007157146911803511,0.0070230934993738255,0.007371632231129921,0.006232775269805927,0.0170786555209266,0.009405865545006123
2024-11-19,-0.006734909036022901,0.00015444167475535484,0.007942544136184834,-0.00645670092597691,-0.00551314969230796,-0.0019652926318589584,0.00530126039871881,-0.0028097680809890065,0.0029584008905842504,-0.0034560875486811175,0.006106296169953701
2024-11-20,0.00805164924109805,0.001262789505677681,0.002138113655452467,0.003929302631367306,-6.632630163379265e-05,-0.0023684875890797193,0.000908315739118032,0.010758694773474985,-0.0006982952078349564,0.012434611513588606,0.008129784772296774
2024-11-21,0.010815648064009071,0.013186876331670035,0.020959162998839563,0.010469326482755925,0.011814982025475249,0.00974423802829718,0.01689948929071573,0.01232203678731956,0.008241233127058647,0.012767267939506766,0.009875245946698091
2024-11-22,0.004283677509531616,0.011809978599475213,0.011085796114724652,0.015525329242053758,0.01110720310157237,0.008110672710467158,-0.004720458259139274,0.006035277623082084,0.00772876904970196,0.007899117975784414,-0.0005470864974531318
2024-11-25,0.013451559581116384,0.009208379572863247,0.010289061608467081,0.028931041078492405,0.007863611730037055,0.008683846741771023,0.0020213363474948704,0.01004431019824724,0.011804104636053891,-0.02126190925636916,0.0062066017091967395
2024-11-26,-0.001994686314364384,-0.0007027978307295241,-0.0014673540871643722,-0.008746342574831204,0.0017783574531027417,0.0019089918354581181,0.01235867118941979,-0.010516687358561061,0.005985872878253803,-0.0022178692246319783,0.0002489363475382765
2024-11-27,0.005905211014406184,-0.0035732618340947133,-0.01482918303087712,-0.00114443522662201,0.0026811175740380075,0.0026121489205953824,0.0018882303165878847,-0.00027588063159659343,0.007001756555414942,0.0003590179854139695,0.002574367795221998
2024-11-29,0.0013526005841890411,0.003194802604403987,0.006806583273885795,0.00666661820035632,-0.0003727084388639835,0.004864155247608574,-0.0009990929249621596,0.00508842841911814,-0.006001319279252081,0.0037444686050548555,0.00554984074145852
2024-12-02,0.00015679234724159876,-0.005047748326022618,0.014629692457684529,0.00580384479247983,-0.008387072267449414,0.0012182716400707537,-0.019484355740877736,0.0022873886402606522,-0.01400239317662307,-0.014338052850539155,0.0037982937801090966
2024-12-03,-0.0055917760794653324,-0.004780550721104789,-0.0009310574760706898,-0.003533823992311657,-0.0040570384887165575,-0.004916599787012814,-0.008105120063922019,-0.003717872089345318,-0.007036071551923092,0.0015753039804818347,0.0037935099217640453
2024-12-04,0.0004017755617751636,0.003584399629535891,0.013917843575048385,0.0054040539098170175,-0.0007092077382437139,-0.005621151362424959,0.0008597661623845504,-0.013212093505054054,-0.0035768450578909953,-0.02386497170312266,-0.000631833560543929
2024-12-05,-0.012713065456079682,-0.005630715825624577,-0.011682974645387458,-0.0041112356404652845,-0.0007920909175321757,0.0058698125879887205,0.001228985224451817,-0.01360115376802619,-0.0028903934912459686,-0.001396619635018445,-0.0005666122569797649
2024-12-06,-0.0017859833444507376,-0.0025373032617891475,0.00999828549365415,0.007254928627370939,-0.0008214497170011346,-0.006064149767937677,-0.011173746852786031,-0.0024713868306020267,0.0006587711426541705,-0.017187996305607054,0.0063199676152154065
2024-12-09,0.00973434589094549,-0.009474713663649669,-0.00608882433291283,-0.00038075951708701247,-0.015209063164361152,0.006722750915515576,-0.0095706926876698,0.0038067896771804307,0.003261949600402986,0.00039245201948042503,-0.02262429127475879
2024-12-10,-0.00724236016903027,-0.003997749190161542,-0.017581748536422102,-0.00514225972596778,-0.0054152848469779585,0.002157064960093119,-0.005647652590252543,-0.013251512226857188,-0.014130682661225538,-0.009469249950667512,0.006767773189358566
2024-12-11,-0.006438433172695017,0.0005849873120398758,0.012558352758656391,0.006087971878100419,0.00379050323628749,-0.008602350390122294,-0.005823760343353237,-0.003313586576722504,-0.003285995933830033,0.00624887775579622,0.005299699365661871
2024-12-12,-0.004805051179359936,-0.005824059267330142,-0.001897123286139305,-0.00701669630220271,-0.0034727676754305057,0.0019503267145008542,-0.0003814804043752093,-0.006071260064319706,0.00017618880432977667,-0.006235282099201398,0.007508699895025501
2024-12-13,-0.005426838992571877,-0.004286648192436,-0.0004966303599336964,-0.004160634465507583,-0.001266160032509251,-0.0017290805598592055,-0.00045136508615203815,-0.008956234067680577,-0.0048117348127603154,-0.005287959186065303,-0.009578715723294084
2024-12-16,-0.00915336077068744,-0.0009704530633919474,0.006921126827808638,-0.003742513790816308,0.0006703818469150473,-0.008786641000131051,-0.007656396781880466,-0.009007443349947377,-0.002298950822952764,-0.021450058952748673,0.0006275162350201507
2024-12-17,-0.004968337589861569,-0.01053439023698134,-0.008677244452000266,-0.0031794864427353475,-0.010697995121376166,-0.0017755555136561424,-0.0038579554572022085,-0.007258926372278904,-0.006050678601036399,-0.009375383890204026,-0.005176832522248015
2024-12-18,-0.020687902885314614,-0.030088028081893897,-0.03613537016717862,-0.03401690458919267,-0.034751636634278237,-0.018490629235253585,-0.02334085694657119,-0.030245871288085875,-0.04002101000759595,-0.03125492196686738,-0.024456775079529595
2024-12-19,-0.0036647080277318923,-0.00352239056899897,-0.004831663315281152,-0.0016054128321944686,0.0014465693063433526,-0.011123779661758943,0.005799311599081636,-0.01138838564454993,-0.014559862793733261,-0.009051942314540847,-0.0029950444147307798
2024-12-20,0.013887685778012124,0.011368726083763906,0.016311215260904455,0.015731050971053682,0.016035470210255552,0.006090240405470196,0.01490723739032346,0.012991366357585002,0.019921387917182495,0.012532930627782117,0.009547927172304788
2024-12-23,0.0034972468777920195,-0.0016716976618659065,0.007109485750246528,-0.00234821666965686,0.001902045784775999,-0.0032416431994382465,0.002867663163467362,0.00030970944522509526,0.0038566112202863367,0.009170082704537624,-0.003336933033890784
2024-12-24,0.004303241536236733,0.007799064143542806,0.008938866043291022,0.009607585811700054,0.011729624372856044,0.004247689396219106,0.005605461815532249,0.0051439214421278795,0.007279948085547585,0.01138521340073707,0.00990053038873231
2024-12-26,0.0030079241683485533,0.0006171591114393785,-0.0004314837486083718,0.001344971004879611,0.0029458991044676005,0.0027839819737454415,-0.0018056654422244087,-0.0012447117184607639,0.0010159513791919885,-0.0025011286356064655,-0.00013451596157619075
2024-12-27,-0.0039759419619615375,-0.008695057280182146,-0.011872304732870874,-0.009543741825252194,-0.009413295502340133,-0.002516055980404749,-0.0031212173375542987,-0.006123115082362407,-0.009790295222836287,0.0004212399126826744,-0.00887669500559401
2024-12-30,-0.012727919652622236,-0.008799807125595617,-0.014807905220508793,-0.01051973359655686,-0.009074084535527506,-0.011994603443551362,-0.0036157592654151877,-0.012451110042131945,-0.0051685263148872895,0.0067478977134966586,-0.008741834566007389
2024-12-31,0.003972878729520392,-0.0014232783432368721,-0.0043996487802563915,-0.0009836045038115015,-0.00046925848513663774,0.0050347867760120145,-0.0005452212382653992,0.005783398119746252,0.008909708939781663,0.010977162225488264,-0.00242315339823633
2025-01-02,-0.0030544521315967487,-0.005207332479866907,0.0004114535282216917,-0.007277959752824322,-0.000125574154975595,-0.0016261413178122824,0.004489704557152678,-0.010518356523679828,-0.01109502013639609,0.01752808366119061,0.002477991481092202
2025-01-03,0.012579269579400837,0.012467338606148577,0.018318623873746945,0.004629327591391381,0.009520754940964613,-0.0037277708052466723,0.009279004119953608,0.0013665948851066018,0.01357805280499042,0.009751833839513542,0.006693791734330425
2025-01-06,0.006645605628977906,-0.00025346234584488076,0.011819425224816937,0.0052620304679455625,-0.003054745746977316,-0.01063283107979584,-0.013603850871948075,0.010326307198621886,-0.018699309072722513,-0.0022294797305850962,0.00496598991617465
2025-01-07,0.00671373844967589,-0.00212941241449297,-0.01131029679332557,-0.010507992359232013,-0.004851387445188063,-0.007020774202717085,-0.00032659730664444836,-0.001113957101660294,-0.009967486031843465,0.010129160564008512,-0.010669075126945107
2025-01-08,0.002775646321817891,0.004173243185226068,-0.0034370590211230275,0.0032949983332362337,0.003416603001761439,-0.0020093224861159158,0.0011283978713254237,-0.0018399736580057386,0.003885119474306547,0.004931188764921359,-0.0030809551029448525
2025-01-10,-0.011877607257128005,-0.011103163312898248,-0.019579325162847057,-0.01162839822062942,-0.027292994310799037,-0.019982549330949728,-0.012164651530876395,-0.008361799987369056,-0.020793530351166364,0.003837890729592089,-0.01924976801241701
2025-01-13,0.01510334794438294,0.01126899806070092,-0.004796117227319488,0.005021011297042307,0.0070356669880785915,0.0070354854280501875,-0.007775404121761809,0.02701757371207984,0.01573384553900604,0.02254314900990008,0.005127459134511504
2025-01-14,-0.006651442939113951,0.014932449692831565,0.009934500558512842,0.004695836149654274,0.01462754156714154,-0.001329428886893031,0.011612535420038763,0.013242987366465142,0.00730456951521441,0.011899949824777302,0.00273968368462379
2025-01-15,0.0012450456673441994,0.007993677942639395,0.016666295200699434,0.01000765025233978,0.023370647142207802,-0.006415626161991476,0.013509103919960326,0.010273688948789087,0.005228673469344743,0.016639881578360362,0.00986814715657409
2025-01-16,0.00775872190249895,0.0108300401215359,0.00013249544621448702,0.0059724038848127225,0.006780130053339328,0.00939222432963353,0.024145165737566972,0.004752470141019067,0.017110571290522132,0.010264059635223548,-0.0023152747425685496
2025-01-17,0.00014964204686111296,0.004293767355515792,0.014025867542198787,0.006837278753356042,0.0066916192262358775,0.003068273380902959,0.0017488722873340418,0.008337142708802512,0.0008848242329347781,0.004012568579824218,0.010000565920160404
2025-01-21,0.018905285950296346,0.02008418725815874,0.015750080400482525,0.010834441067470679,0.007232109934361227,0.007287312066410207,0.014147451893986255,0.010275757654844292,0.012535279791820628,-0.004449583825734248,0.010202712770813324
2025-01-22,1.8205087875440143e-05,-0.0025272618781307615,0.01783270632557123,-0.004373900756517256,-0.003133346700922922,-0.009839189555609888,-0.025487170908062136,-0.008414740164048,-0.017684651011243037,-0.015687095445725222,0.004094506904124722
2025-01-23,0.00950096813057068,0.002467552604352872,0.0041899282486172395,0.009365130003922114,0.0024699456445069754,0.003189066253605458,0.00072557015398625,0.007652337620945902,0.0043484645961047565,0.004340533574044302,0.0038976799005083543
2025-01-24,0.0006151876711423483,-0.0040247418153083955,-0.00955020327990233,-0.005581543270859283,0.005218531298269231,0.007101798207132883,0.006545850265230719,-0.003698242040254186,0.003856145771927041,-0.009376132040334923,0.007505734373800393
2025-01-27,0.015763859712473155,-0.013724348540372688,-0.03849614222501388,0.009578860557983517,0.00784549017612257,0.026542803380151768,-0.007588186182270958,0.0017671512914412843,0.01583379728379915,-0.02432159397610002,0.008374041815122043
2025-01-28,-0.005602052937492634,-0.006503844406911291,0.010264745308778125,0.003321398051133095,-0.0004005259050848361,-0.01897567800736551,-0.012206298360758035,-0.0034204670863259403,-0.014000501591918743,-0.005217013195754582,0.0010497227501198626
2025-01-29,-0.007855691847637992,-0.004354625934737001,-0.0024146282387589387,-0.0003993954293833015,-0.001054597512541447,0.0013992600146827247,-0.0007639439773402534,-0.003653386058236136,-0.014658981485242197,0.0014631509768291166,0.003924819744275197
2025-01-30,0.011457809705999232,0.010938652739199875,0.01198666210477294,0.01647757749598958,0.009476756292695104,0.010464356483151447,0.01774843577670937,0.002832945107487152,0.01413767318210566,0.004733558920412288,-0.003759807218843933
2025-01-31,-0.007259583947707749,-0.0067463595693946984,-0.0017159521466447079,-0.01783905629849218,-0.0049591775163488954,-0.011028105928128912,-0.004295280273084317,-0.006572867486466491,0.0008163811710394196,-0.022958000874062835,0.0022819281002371774
2025-02-03,-0.0019438402695679553,-0.01250214167974093,-0.0114738878317655,-0.012056901231993008,-0.007778777787783483,-0.004127984584315421,0.004776897335062419,-0.007387735687640476,-0.003749448022495976,0.006623128651935328,0.001582267938762057
2025-02-04,-0.004441880140285773,0.0004837092114243412,0.012016699680608058,0.0078106763035909865,-0.004326370304088758,-0.015354737806409917,-0.007716168095623684,0.005212567389153084,-0.00011633657688370214,0.01933893225038885,0.008004674938367476
2025-02-05,0.010107745645688795,0.0021941969948680974,0.013105368130415854,-0.0008222793376078298,0.006514576379562962,-0.0006664245931989558,0.011116432032579013,-0.011212473889559555,0.0153531126623491,0.003221246347794052,-0.0003612318940202734
2025-02-06,-0.015078793240580987,0.000959008751178393,0.0007468617547866847,0.006256658463151882,0.005234071325746318,0.002365572488925003,0.00029564977496071386,-0.0007703470648333807,0.003970624081785136,-0.022748332335748567,0.0037535379470570126
2025-02-07,-0.009826987132842238,-0.0035437696601844,-0.008793173650152355,-0.010946162239772527,-0.0033304425596351597,-0.0002646783116595797,-0.002624237041242007,-0.011555839065320133,-0.0030168429332507133,-0.003222654123407422,0.0016590787466276246
2025-02-10,-0.005150381209906052,0.008437783453765656,0.0112028769389357,-7.817869694870725e-05,-0.008653425480283585,0.002583270759183478,0.008337058634754495,0.003455524345314498,-0.0023279587100688954,0.026833618257498283,0.006541129208774306
2025-02-11,-0.008095911602896074,-0.001978650670012891,-0.006433935302713296,-0.0022111213397891954,-0.0036581158801120887,0.009938906752162004,0.005345107107466543,0.005966702078412277,0.003441907797331746,0.0068869941965655716,0.0018908450473361833
2025-02-12,-0.004698644180763985,-0.010068628174202216,-0.001629781983351007,0.0014905236065560074,-0.005305455778757678,-0.005589919202507156,-0.000454258710975493,-0.008472276350999498,-0.008591063057894312,-0.024518488829082453,0.002397316455709985
2025-02-13,0.0019029432149228925,0.0009673998601952694,0.012794318751950284,0.01673364051055486,0.009402564861489448,0.012965249365501705,0.006661667071183506,0.01677506562715177,0.008892698548480559,0.008934944130850275,-0.003158483267826311
2025-02-14,-0.009010681780553295,-0.0010142737365780034,0.0012135049408860197,0.008666266424526194,-0.0010876479952474584,-0.005796367545280588,-0.005164682748701933,0.0030484834752516083,-0.007328586063842805,0.0059476841900464724,0.007177536715608566
2025-02-18,0.0018525651374801022,0.005481549338475581,0.015434416571366641,0.003064903951122625,0.006615391634032426,0.004276148273656197,0.01136173099178125,0.015357970820828628,0.004770208026717685,0.014213610177143888,0.002973866980851022
2025-02-19,0.010457099788096997,0.00011355928028127458,0.0018154340356957423,-0.0042244416790089,-0.0005906722090518933,0.00875605183445844,0.005616012588705416,-0.019047917703905817,0.00045519636467978994,0.010723349656330655,0.0013532786711596273
2025-02-20,0.0026691048515528767,-0.006434104512319717,-0.009630450604408364,-0.004142755851278004,-0.011348822882399892,0.00462190626361865,0.0007128179435536725,-0.006121859006476036,0.006846710172201362,0.005169094798444563,-0.007247063475019827
2025-02-21,-0.0043458403768177195,-0.022495224889843533,-0.03211046883763294,-0.026524278703986735,-0.016685074776250797,0.01643909259478078,0.003392182313366383,-0.016715316605514938,-0.006565384737823575,-0.025708252113296717,-0.014020754167332672
2025-02-24,0.010016799661779952,-0.0037044811787310845,-0.011708715585328856,0.002252835833543098,0.0008094287922865584,0.005698220607371171,-0.0004118607886254503,-0.0016048049856895012,0.006117635196665731,-0.003152565951878214,0.00884692765080837
2025-02-25,0.006593507140294312,0.006126977871755976,-0.01271723189498598,0.00753337811471413,-0.002264865572642018,0.01018445444956904,-0.0019450076365884364,0.004407465784735238,0.010494324070918534,-0.0167831156117353,-0.014365193905178856
2025-02-26,-0.008736285761651773,0.001969860816066909,0.011258944086704303,0.001309401780622618,-0.0006260444857266445,-0.021087526713913524,0.004927550098390761,-0.0009268732513478702,-0.006139994360135975,-0.004558121391063061,-0.004881333936865235
2025-02-27,-0.016131072473185397,-0.008297574293270405,-0.03230057559224127,-0.017044270101054335,0.00479454814242697,-0.00030941381855489815,-0.02078014969448303,-0.007009737522443949,0.004910890440841153,-0.0037764897199834405,-0.004784431920403435
2025-02-28,0.004990951944614724,0.012399108533127864,0.005684100088328604,0.011689881547401566,0.01842947862240692,0.010004450813259402,0.018737655738365572,0.004972557773369557,0.00993263269339793,0.018798337715390932,0.013200680881040983
2025-03-03,-0.003157412797489223,-0.016684223968614006,-0.028141809945513057,-0.01726460100886553,-0.00769385288189759,0.00297982948130553,0.002977938683365736,-0.027967733667870646,0.006108516030365129,-0.03561570981943741,-0.010669022987411625
2025-03-04,-0.008766764910238872,-0.0187520818093739,-0.0036412088810721154,-0.01946065992524546,-0.03174189815433116,-0.015982306325696468,-0.019396667179115347,-0.015866147296887723,-0.013475634988428352,-0.00865702258791942,-0.005815610783725482
2025-03-05,0.012318027476708746,0.017588691396279794,0.01298960209719976,0.014039681051280489,0.007521989668441892,0.00575456515523974,-0.00615273999429248,0.03471262765054252,0.009252652467743785,-0.01263326531446844,0.009155374823901117
2025-03-06,0.0003588273400175986,-0.00872637429901204,-0.03233351212427331,-0.019334694247187534,-0.015611698395052904,0.006876581874008111,-0.01995460393990587,-0.0027163325745565054,-0.024685445159261386,-0.007448399563550579,-0.014687578896250811
2025-03-07,0.008660179919864085,0.013073577894759714,0.014911005876050867,-0.0012316408392525108,-0.0004757185850922713,0.019332799768917986,0.014819743804198482,0.0030471805046489433,0.009502197683142772,0.01581529464361201,0.007056277165041498
2025-03-10,-0.008247195148472265,-0.017873431867748226,-0.03687119085104504,-0.022249345150585745,-0.028797847797043884,0.002553461380806825,0.007943419128908566,-0.018210945857549503,-0.007919208530924047,0.0018213117542205518,-0.025909759404714086
2025-03-11,-0.01621197732668493,-0.015182577966785179,-0.0036859696519303256,-0.019097786565318017,-0.006420581634183092,-0.020702523181703226,-0.004438100475389965,-0.007406271346757003,-0.0139347557335735,0.0010068502641201486,-0.015906972748587243
2025-03-12,-0.011809707619166596,-0.0036963934039181824,0.009922696036125861,-0.006659413227569587,0.0013796102284742858,-0.023347404252084872,-0.0021306644212317903,-0.004216641168843744,-0.0056417266121809575,0.009372213683188883,0.000165074168921688
2025-03-13,-0.006530198125662568,-0.01257226688205901,-0.019100187491187234,-0.026560634694044516,-0.009723396281748295,-0.001083164503787864,0.00425199018239033,-0.004140674258112027,-0.018536318322192928,-0.0116675936273394,-0.020213805387598437
2025-03-14,0.013841520630194665,0.02013152688755599,0.030503150304451044,0.023737033664983413,0.025147957099578254,0.0021780203222629487,0.020169201672591747,0.021304260017601936,0.020540240691472183,0.029779881156271382,0.015487927283508993
2025-03-17,0.011641781440488169,0.013782165129095147,0.01934807724238522,0.013990867188040485,0.014429512797998542,0.014956347675638762,0.008417825043483837,0.012602390082810043,0.016258230476828648,0.018334141371353405,0.011712013286381004
2025-03-18,0.0011675325454381226,-0.008188246796169618,-0.013138473414246933,-0.015484901679757206,-0.004092879761459586,-0.009049118326966964,-0.00494837988400484,-0.00012282183961422963,-0.0051713007206482696,0.002139666502226316,-0.009762376232365741
2025-03-19,-0.0029046541629589467,0.013109564492128396,0.013595013308428449,0.01656888606584706,0.011541806766613904,-0.0021213723893991135,0.004306128895895333,0.004874655614805685,0.0007509112277486257,0.016197686191328556,0.013867533695851622
2025-03-20,-0.0034501279778132066,-0.006516691226662527,-0.009783821207119986,-0.0026748201669126864,-0.0003969944025931108,-0.00465835416198794,0.0039957414486488495,-0.009004165657174542,8.91690083110759e-05,0.0022621075457699576,0.00021633085858888587
2025-03-21,-0.00280960728417227,-0.005695118326777227,-0.0001917322465572701,-0.004079410193600419,-0.0042483995505457235,0.0009713237370762948,-0.007051161384070169,-0.014622710761218578,-0.009816412725942204,-0.01079290796208169,0.003562931680224868
2025-03-24,0.009406416171479363,0.02237831025104931,0.025724174927812742,0.028481608404143408,0.020087963962002155,0.004295322684587622,0.0005885826610712019,0.015557680479019838,0.016632505338654447,0.017438848407565048,0.010890177508924329
2025-03-25,-0.010830270575398543,-0.0008114505743498395,2.416815871634796e-05,-0.00040984905500425695,0.00337734054023903,-0.008608406057300793,-0.01578161413457222,-0.002190209088416774,-0.01103052956590322,0.00414664438638753,0.010708601944858181
2025-03-26,-0.0028178067114574645,-0.007179853328430564,-0.019976350618721685,-0.0044761414723275455,-0.004159378947176386,0.018265607796724294,0.0072494554137601044,0.0008337359543413686,0.004820208549471219,0.00038883048556921776,-0.0023245268751363366
2025-03-27,0.0018176868543691776,-0.006693168016728158,-0.014995983967421547,-0.003066962688922374,-0.004942234075615807,0.015275801521784744,-0.00041968493617116113,-0.0020315058056899157,-0.003860180588899676,-0.010999803377420852,-0.0046815568244404915
2025-03-28,-0.008739930822646149,-0.02060705962377926,-0.02417636028537558,-0.028403989676818352,-0.019408683269950492,-0.004401119027399783,0.008151566615365771,-0.01913536086591251,-0.0004954993356660322,-0.006474959266341154,-0.023345578169835932
2025-03-31,0.00558080291331312,0.00568600281677769,-0.0013674968995221516,0.006213191906517673,0.0106566806841863,0.0110252438678531,0.010615004179725688,0.0080252702614559,0.009607437059142132,0.010720906370580091,0.013961211562543319
2025-04-01,-0.011994485619859635,0.004592407714559476,0.00555466529760956,0.007482895250943656,0.001367370643369599,0.0020413941549101023,0.003669444290386224,0.0027204652927975193,-0.00013193960846389423,0.007982302600485642,-0.0011955167224447043
2025-04-02,0.009101525961917009,0.01314438353298919,0.012544917391416827,0.017406430634259413,0.011307729636001133,-0.0009888273186939526,0.006287077062696726,0.009275846965163542,0.006605471529794648,0.005914923041143524,0.007582478863017074
2025-04-03,-0.021085366367864393,-0.06076677217507601,-0.0820684081797793,-0.0759856157996329,-0.05815395614977454,0.0025797856354516356,-0.009733227731687919,-0.05871454768118387,-0.03598586218225475,-0.09348014614129439,-0.04860853902194819
2025-04-04,-0.05095732165824116,-0.05355232768129894,-0.06928169118607724,-0.02930180658714025,-0.07037792195819974,-0.03947328399652287,-0.05563283202705001,-0.06674659556767319,-0.04869177122814118,-0.09871675788237132,-0.05890058362491026
2025-04-07,-0.004405567388849223,-0.005288020284024166,0.01497244187360627,-0.017957293177499233,-0.006339140832918834,-0.012711857004701664,-0.013796548328542498,-0.013597848139723404,-0.02198176997235775,-0.001778842009382336,-0.0048989369059860705
2025-04-08,-0.023526847054712714,-0.01413519678960995,-0.026588079571287344,-0.02865261311452041,-0.00868875299544342,-0.02310918248896275,-0.00605389895498664,-0.03622169876943221,-0.022367439072847467,-0.029097085435993875,-0.015435117242241761
2025-04-09,0.05918320642422527,0.09408178276244009,0.1343966280418772,0.1067360228417464,0.08570767632032499,0.040714007631513775,0.03923746535109558,0.09648011278473483,0.06233545179554376,0.09645594499844634,0.08829280304565768
2025-04-10,-0.03971087706774759,-0.031932595900522734,-0.05526580759683523,-0.04235180558400609,-0.033177183133688594,-0.003280975752590472,-0.007084483349465288,-0.04017571964337205,-0.0250774861728299,-0.06691315294807047,-0.033339641332640675
2025-04-11,0.017044050867348524,0.01874063205135664,0.012925320245629573,0.007909771486978162,0.014305274428326964,0.014703170418176975,0.013423062491107137,0.03034089670676829,0.012493960172590857,0.026776628816182965,0.00818577666725039
2025-04-14,0.015507251580470985,0.009593135849678304,0.011843223060651737,0.008487675132294191,0.01298216991427031,0.0147552498553035,0.017980476002225538,0.012360281837663816,0.02305849976670331,0.004238853103675328,0.007194063459474792
2025-04-15,-0.011900447467483272,-0.004599043288782165,0.004575978711862746,-0.006514204529712222,0.0021745797514985637,-0.012227883204053736,-3.5762981003610005e-05,-0.012401352674394893,0.001339000015427427,3.18386525644885e-05,0.007445473808134484
2025-04-16,-0.00950001656277135,-0.01637760247739107,-0.02360679800478471,-0.018476431126697865,-0.01688796585608624,-0.011156899387614928,-0.00799726912651055,-0.008633900783391175,-0.0040477669083144,0.010256358867081821,-0.026144136201607878
2025-04-17,-0.0025417727515458207,0.005034815120003548,0.0018529354699276883,0.015023377232235097,0.0030486880313503853,0.021788627952162926,0.010043986017226959,0.010481539736932015,0.01582397758388797,0.02430878093483617,0.009430885388616833
2025-04-21,-0.020333752869220664,-0.023999502964622117,-0.02436697481770498,-0.016985630597012566,-0.023341720016980236,-0.005604472487237989,-0.023292111618338506,-0.012714404765343341,-0.01900462307653565,-0.030956799716042937,-0.02338268391195003
2025-04-22,0.023893551000511118,0.023962046255422094,0.025262683052088588,0.0317711337365663,0.03460397933199728,0.013844567659089011,0.027829544069657618,0.026815546538144268,0.021111840041976363,0.02447331207382754,0.02429973354115979
2025-04-23,0.013068621082789557,0.010475962988298544,0.028041049894843992,0.012798238379005566,0.011481260256306925,-0.005111615655174625,0.0041484131329599366,0.005098946723625817,0.002990755693400639,0.00031595613412965795,0.01459582384495021
2025-04-24,0.01669136900326633,0.02519449220189575,0.0435589206792008,0.017690237591310172,0.014541641824484216,-0.008823005100656494,0.0036515195528989855,0.027224007250202468,0.0021098495621975936,0.014430325038690538,0.019506539658560543
2025-04-25,-0.002321510066956719,-0.0011548369939275143,0.01014289786994726,0.002892206100767698,-0.006787754676745171,-0.005376871070955171,-0.004843358007613571,-0.006412415446357064,-0.004247430959765244,-0.0002108143381695616,0.005158511188852184
2025-04-28,0.0036796584597338245,0.002565132438112334,0.0010701386474092072,0.0038863022183302765,0.003720156542178512,-0.0036796803636591647,0.008045974773095285,0.00329600508856385,0.0066706599344088045,0.007608814690554925,0.0042530895380813545
2025-04-29,0.005394454625003695,0.005441874231800246,0.003374831380686025,0.006069609210473549,0.00950067700681503,0.00766992610786608,0.006097861168911355,0.008360504909148147,0.0009891457498496551,-0.004020362143281084,0.006051267811865542
2025-04-30,0.0071713083652508,0.006835132429020083,0.003827004863486586,-0.006421322911231602,-6.397358082803213e-05,0.008017756213486663,-0.006062390305039089,0.00352102142684302,0.004978675937525871,-0.027325150196330326,0.001660177788467443
2025-05-01,-0.014606702858988633,0.004713067275705671,0.005989138955263297,0.0017742106881805764,-0.0027844565193326154,-0.013211615059130903,0.0023465143137454832,-0.005773081515945539,0.005986893007466783,0.007121089070588923,-0.000434717093758812
2025-05-02,0.01497605706613773,0.020602049819358367,0.022762733340266093,0.023447369181907183,0.021802940734975743,0.004471723860532583,0.007526524558265638,0.01579319243716953,0.01522699878005977,0.019409653409018332,0.012783602542781788
2025-05-05,-0.005187357464135579,-0.0011855863681028299,-0.0039157723787145915,-0.004305258917219065,-0.001891138012403555,-0.004020717297071151,-0.0007984665836564864,-0.012833652787398238,-0.005345324232936727,-0.01562142924264772,0.0015332223040088189
2025-05-06,-0.021876999553164557,-0.011172616600725573,-0.006160895087148452,-0.008947829342166081,-0.0047456702979856175,-0.001227916805693158,0.007968642765261826,-0.00320590412154368,-0.007977413661492499,-0.005993837714826014,0.003725209738327226
2025-05-07,0.015572867308029295,0.007451775602440454,0.012640356795471572,0.008215950482344287,0.0057741530154228355,-0.0007907109515799733,0.0048224645586216934,-0.0089290281328577,0.0008242592800838227,-1.7431520157833042e-05,0.00510133290449336
2025-05-08,0.00553970513728776,0.017766887123005382,0.016210517648744316,0.017360245669806505,0.013218647741083547,0.0022256983400486224,-0.009576900753621921,0.01907352665352808,-0.0038611441465179835,0.017340334127469978,0.0007679707173772939
2025-05-09,-0.005312277772362534,-0.0004181683785396564,0.000832731815324153,-0.005025821406962372,0.0009122437215948965,-0.004693833445194029,0.000418165116148776,0.002612137438555339,0.005072242580648828,0.012755896781942656,0.004497539926248753
2025-05-12,0.03265659600788487,0.03712728304841034,0.04983670478352272,0.04684231297534357,0.026038395007786274,0.006904069027412243,-0.004134239706517896,0.03589737502227736,0.008212683627811818,0.030069193528734304,0.01153579847498537
2025-05-13,-0.01874628291035643,0.006334898821435144,0.021870331914710106,0.008029554070012112,0.007244252892321542,-0.012392775390372505,-0.002514018030050562,-0.0028023051588512895,-0.013646831841018501,0.021104968961312028,0.006904550242377146
2025-05-14,-0.020653747712423544,-0.006587174109072817,0.0022346860452858316,-0.002297554658793753,-0.0036231569047494912,-0.0075962296319756015,-0.004521762428006539,-0.009582548120581397,-0.009969281209549565,-0.003698036418029606,0.008699246492160648
2025-05-15,0.015958900567338143,0.007494501479750256,0.000858814160934466,0.0036975014375733107,0.004979095114219074,0.018747606513949057,0.02179404886139692,0.007980429642732404,0.016769052947525346,-0.0009679840806329069,0.0056298813850672634
2025-05-16,0.018092719880215807,0.011957549580670312,0.004952610084571584,0.008558268968430547,0.008795007221765027,0.012292857182985277,0.014184056963896886,0.011905998006522214,0.01346316634838287,-0.0008507959143044152,0.006699930496660868
2025-05-19,0.005825447963649447,0.0012392277297497488,-0.004143129147820674,-0.0026050877841281334,0.0008742338829704896,0.0006049557339185867,0.004240148578698886,0.00038715133596354563,0.0006108036715151108,-0.011201029118245316,-0.0007704202240678878
2025-05-20,0.004450038339666894,-0.005916369551794896,-0.0029268305232985265,-0.007702189959357901,-0.005969171474046019,0.005106875643918612,0.0008113995982314243,-0.0014714730539692573,-0.007092701338768102,-0.007857523877845577,-0.00022008974603039225
2025-05-21,-0.02961070594054559,-0.020718351485321328,-0.019575820314681,-0.027862623100535857,-0.023927301791611323,-0.018378666131724154,-0.01953805769449866,-0.01639309096038289,-0.028949053731484327,-0.020453565972829768,-0.013527639007940148
2025-05-22,-0.006253088331276479,0.0013037504397250025,-0.004995578098325207,0.002158601478064913,-6.317005999452434e-05,-0.004811315211410931,-0.011940127461924941,-0.002012565063133279,-0.004414749905655319,-0.0041536500633278664,-0.004656327349228023
2025-05-23,-0.004687588661934469,-0.0054055219086472355,-0.00852586649367843,-0.012265115423018743,-0.0032198595659190493,0.0009854360888768461,0.011652986141373953,-0.005817467836746277,-0.0020660908134650826,0.0027676768386776743,-0.0032360919072000013
2025-05-27,0.019486538385066834,0.019981928887809586,0.02215731047427925,0.027882591920969535,0.020418047880779056,0.012932939117013521,0.006556104347537613,0.020195835134424304,0.01867875049365084,0.009877191735825469,0.015345764003215903
2025-05-28,-0.005959406276215753,-0.008799397117549169,-0.00803485559212836,-0.011484536051414276,-0.010228156901849143,-0.009200610134503979,-0.015803761925428626,-0.013845290260236372,1.0882066163111421e-05,-0.012659291160037571,0.0011530353955916163
2025-05-29,0.007118739804629245,0.002892888222197154,-0.0031883093472547777,-0.0016487153989489562,0.005784987936586309,0.006758838613770663,0.007958526712368089,0.0031702857643904174,0.009995561728439585,0.005339371140760193,-0.008918555859269683
2025-05-30,-0.006348846975993768,-0.0005790154077647488,-0.0021830935421046907,0.0025559872483123425,0.0016149680019387012,0.003894380603034258,0.008214323841982773,-0.003768931931263555,0.00041327286565373544,-0.011503804648269833,-0.0017342757249258721
2025-06-02,-0.005726711468238587,-0.00542899160953118,0.00488066300979435,-0.0017891581459223824,0.0014902365389004666,-0.002076547651549896,0.001386834961850343,0.005128530768814603,-0.00010721754949764269,0.015386763097205103,0.0015440701774412692
2025-06-03,0.006793020616966809,0.01080151334092749,0.020391850303980816,0.01232101380622965,0.004317935714540722,0.003884601013238137,0.0011831581725456656,0.01118397909721476,-0.0026849002419488633,0.015343917862574835,-0.005010323572173833
2025-06-04,0.0021838690852006557,0.00039781152952588644,0.004214136077240785,0.0012340941635984811,-0.006118096385369766,-0.007225439759900679,-0.015812449425968808,0.0055499363180452,0.002560938214788934,-0.020328524023626,0.0015254358595522637
2025-06-05,-0.002029144149263096,-0.0019058009217483855,-0.004146418118423094,-0.0034149599111229383,-0.0013576839399837466,-0.008826216279371215,-0.0016380511238389898,-0.004898285345062628,-0.002472619315857627,-0.0006613656238134399,0.006822960344876612
2025-06-06,0.009832253529725435,0.010038313547672024,0.010890820077103982,0.0031498632696256123,0.014209572866926147,0.004691594018316563,0.0032789995698504957,0.0045278293313072504,0.005840988471221276,0.019099052930548685,0.005045204447702632
2025-06-09,0.0014051472493961244,-0.0007863708564947715,0.006030137403793917,0.0033742801409401063,-0.0064197103441098035,0.00021511270740352543,-0.007033861589316307,0.011103145155160149,0.002898489721781864,0.0007723193582713834,-0.007206122703135087
2025-06-10,0.009524605609410224,0.001054669951776876,0.007292442374145953,0.009703401641416034,-0.001212429961060397,0.002522758521574197,0.004032629221034344,0.00813243678936531,0.010023488678632066,0.014936451296676952,0.01432550597700522
2025-06-11,-0.0037477796350802225,-0.005137001932070857,-0.00438736271520412,-0.008001352835074707,-0.001630467588658778,-0.002852315790258533,-0.0006222140660982532,-0.008476214669335163,-0.00551811420877344,0.013040430883593725,6.616223907530971e-05
2025-06-12,0.005286006995314385,0.0001764137176814418,0.00437488176863485,-0.005178240424451976,0.002521412426932679,0.007373645084998396,0.011452697621234922,1.948789321498093e-05,0.005083010378590803,0.004323178387140717,-0.008436976513979039
2025-06-13,-0.009665722894135769,-0.012341124378874866,-0.01890309373292719,-0.024594963664368686,-0.018583304860645734,-0.013255712424419187,-0.008802223810506323,-0.012364413033934934,-0.01085809461763869,0.021722818184279156,-0.013036821052631917
2025-06-16,0.0043451243305567275,0.009240785028205287,0.0216635138510005,0.016263080287880434,0.013299436224420836,0.006880208914965604,-0.005953181838234506,0.01155275625469856,0.002349444006386778,-0.0063176899519669346,0.03840403990081174
2025-06-17,-0.016271035143428602,-0.010865994881294734,-0.011961278588042312,-0.01532832029729669,-0.00848858170700275,-0.008455318266389053,-0.007695830595897839,-0.011512675144819436,-0.005207845370499571,0.007220132628885717,-0.012772574707984161
2025-06-18,0.0010364405372654535,-0.0008957178436721831,-0.000968869260680099,0.0025030714300231954,0.006309612133672928,-0.0018061283066648586,0.0027689558668907827,-0.0037679369695020042,0.002027395180797574,-0.008153776362432202,0.0053197469663447084
2025-06-20,0.0007672365985646741,0.000749711352109713,-0.004471702599279512,0.008386375700988536,0.00475579882196005,0.005685452569458125,0.0020105517272782825,-0.008220957875065658,-0.0003806805001521855,0.007574071708347502,0.0013229056424108783
2025-06-23,-0.0003174551155340277,0.013557270072837715,0.009576224319366451,0.009237939320025885,0.012242780917241469,0.011037014152219166,0.012701417948388635,0.010787429427399967,0.013489030525402856,-0.03039625531584034,0.011300805759324128
2025-06-24,0.014021658512909657,0.009962696050335248,0.021812797331124945,0.011003890620168268,0.012755515634301473,-0.002274952920899556,0.0040039876157539666,0.009579844988996895,0.0018378639384790817,-0.004611585217956001,0.011135788005762953
2025-06-25,0.00012346766512633553,-0.008960464595227889,0.0023641869339258038,-0.010297192572431875,-0.004416382311686672,-0.015306628081902977,-0.014410388075496883,-0.010679249461889634,-0.02208333507489113,-0.00955450443929842,-0.00483801762571492
2025-06-26,0.004595121295615624,0.009898150199753025,0.010539694828732047,0.005517348217712399,0.009247353919990785,0.001636873389238572,0.008154945881035889,0.011314720532003112,0.00221469232468347,0.016090268289457806,0.007616848692330443
2025-06-27,0.0012224140206523102,0.009404171721575124,-0.0027530586188905084,0.015511245392236228,0.004755573473262169,0.0020570499128545546,0.001557383484878091,0.003114243437998564,0.0011954524773367383,-0.004915978841556337,0.015324976807790922
2025-06-30,0.0035765505527351233,0.003288191056487984,0.01027020222640121,0.0017434220751679952,0.010206805877277162,0.005635044621910398,0.005659689813198421,-0.004496828713137107,0.005718119954650579,-0.005220299912560819,0.008347883644955409
2025-07-01,0.016950567074304295,0.011679871011389481,-0.0010980771272860606,0.02713660844358179,0.007443958048055593,0.01917225940867257,0.0037865770343113608,0.02900772094021031,0.007447555117936771,0.005871479197415718,0.0013862809982135525
2025-07-02,-0.013517492159426332,0.0035695734011071834,0.00858544315128607,0.009076877700397222,0.0007337677026551273,0.007675036035997615,-0.008717075258504535,0.021091300646122565,0.002987281483693137,0.01627353966082531,-0.0018107259189787718
2025-07-03,0.0011943233686802475,0.00666995280316877,0.01519388019520876,0.004359171640106318,0.008292221893484492,-0.004106981320593296,0.007242400645404315,-0.000663044362863061,0.002273220128165407,-0.0011403928021255076,0.008139372412781842
2025-07-07,-0.01192643277518701,-0.007546080657433111,-0.011446187986803639,-0.00668930016331949,-0.008085116787739325,-0.006397913520072442,-0.0011251222758977115,-0.011675808982660699,-0.00953725900924413,-0.011737895163227903,-0.012420707941483566
2025-07-08,0.006964298912022168,0.001430566953447461,0.0053408933596232255,0.0015564064707918304,-0.004058976682648099,-0.0030516495943852242,-0.008705635115725328,0.013718709953250181,0.0012547729180092107,0.025672475071852087,0.0022963969617819054
2025-07-09,0.003247997859678208,0.006867020075743839,0.0025678423806400692,0.006911505868339476,0.0030371317333573217,-0.005592886313785319,0.012535715591553169,0.006708660105078366,-0.00021204446827882337,-0.006300695771381214,-0.0009919898360495015
2025-07-10,0.007452509954065273,0.010165179749631338,-0.00537786711933784,0.011835875303660601,0.007695958369643517,0.006891375694574611,0.007030027595045778,0.005659115518033312,0.0068057044283410814,0.005385775246289561,0.0030402923795380538
2025-07-11,-0.013572798657728374,-0.006077620894573756,-0.01073189670114771,-0.011050473600506752,-0.010771815890229356,-0.0025097467449478696,-0.0018946524208200296,-0.009185797298550881,-0.0007942548388389316,0.00515996242561596,-0.0109791879669948
2025-07-14,-0.006402251280277208,0.0024461399598902935,0.0020329867775904327,0.0017882609600869484,0.00794939873141582,-0.0020298610485044565,0.002921389775629369,-0.00831409533263011,0.004197756364382215,-0.00877273345474691,0.008120340193245498
2025-07-15,-0.01696133573621524,-0.011507585323558167,-0.00022463964977804314,-0.02048685905523579,-0.02007202876613637,-0.013497558899438315,-0.007700386294610311,-0.01954999470107092,-0.014469830038623135,-0.021222591554852,-0.007030089516279134
2025-07-16,0.0039256651478177,0.0037042830188281834,0.0021418119577467807,0.002006447518672092,0.010218188975595732,0.006663312006039249,0.002910906109386294,0.0022040708174066313,0.010423740815756127,-0.010079791301673439,0.0053129838985293
2025-07-17,-0.002900593560468657,0.013264376764645976,0.009691344580954081,0.00929354092153623,0.011275261352550784,0.009454115412895026,0.004877139865205764,0.008820646538590018,0.00015089630155522057,0.010302970515337184,0.0030859508856650314
2025-07-18,-0.0138549671562017,-0.0028111017549442125,0.004393158727228041,0.001826829439461844,0.004587307433738078,-0.003192823075017592,0.015452113374984318,0.0014824396368225507,0.0017730976815280163,0.0010415267859668115,-0.004236525522145568
2025-07-21,-0.008026463708255126,-0.007586930861444883,0.0006346572788442324,0.0011446300982443508,-0.006625548751389817,-0.003274574469171514,0.004530834146883006,0.002619555027876532,0.0004016894607436465,-0.02056020234426702,0.0048470193352465425
2025-07-22,0.027592048859248326,0.008202930134061141,-0.002684815661028823,0.0225686652239926,0.00801680885979599,0.020996180264121006,0.013590440193266768,0.018458072954950798,0.020369906002716594,0.005919587960873526,0.007457520681976716
2025-07-23,0.022089265193243144,0.01291929904560003,0.004235126527712638,0.00705695855432075,0.0035110589360243883,0.007811934038788026,-0.004611584718662789,0.005492198396850158,0.002233505921748865,0.013861240536248947,0.009418798890961325
2025-07-24,-0.002637262242891607,-0.0021934478008889613,-0.002739574524059206,-0.017201900394677547,0.00037753850283700415,-0.00510153158408408,-0.00020208474030144582,-0.014590079348924576,-0.0040403235837794885,0.006563852089038632,0.0006584363329725276
2025-07-25,0.0066557265514564585,0.011499600316356103,0.0045627647211716384,0.01036822763352854,0.007499191022560585,0.002700397738765106,0.002620127092153141,0.013287132682043382,-0.0012215807039685732,-0.0036241216416331916,-0.009049534760866798
2025-07-28,-0.01033204329869899,-0.00450388094447657,0.007400616633962085,-0.0014831352748923218,-0.008392519936370173,-0.01115277540351527,-0.013378794848475054,-0.01591265005072547,-0.016984913436323038,0.01324588384327022,-0.0041532760111387635
2025-07-29,0.0004269535446030256,-0.010467835951668567,0.0010688238642358521,-0.008928339453442225,-0.0035569284239224523,0.005823439243399609,0.012059623273758936,-0.007201878730281327,0.017484643022496235,0.009333991673342463,-0.010871230914405556
2025-07-30,-0.0032371776277541663,-0.008642812019530377,-0.0006229665672046672,-0.007721998449082091,-0.005031201626671432,-0.007747039928354748,0.003882202622315949,-0.023446784982134605,-0.016777999501072578,-0.0115929393822996,0.008163402073777679
2025-07-31,-0.035810973857240365,0.004808193453797207,-0.012229902698937273,-0.0060984070176342015,-0.004863210492378745,-0.012064573586073844,0.007568922725886972,-0.015238854005496294,-0.020667726035927172,-0.004832338365327416,-0.004539744198000069
2025-08-01,0.001013211469737558,-0.017064661563752782,-0.018621902074925988,-0.007233471994551016,-0.01728694449403047,0.0030623858648654353,0.004730747650316941,-0.021579131856637044,-0.005143765359820984,-0.023505091105778385,-0.014320401342551711
2025-08-04,0.01469734864756551,0.007883653199796802,0.015280797350388288,0.016882701733579152,0.01542693077893846,0.006202239184694971,0.018204629066129168,0.008849777818759032,0.0068907969658493235,0.0023499781025900324,0.011395325403904704
2025-08-05,-0.006524639629743388,0.004927570873219595,-0.015379450233938278,-0.0028873649041346833,-0.004129534863470429,0.0016985556536405061,-0.011090895616477449,0.0066383798819627735,0.005310082148295006,0.001014441746078469,-0.008249718078902202
2025-08-06,-0.017873743676982863,-0.00023419712842845215,0.004934289209508288,0.006854998165125902,0.0046735240383447285,0.007486249504411532,-0.008539351376096483,-0.019188019711245317,-0.009213462981539957,-0.012021350392884766,0.0010376265037869564
2025-08-07,0.008463174346449562,-0.00204581614632977,-0.0014687174233904256,-0.0037950707588884636,-0.009286826718245288,0.008673340098093478,0.009636064360123653,0.00970057971761321,0.0036015610836026557,-0.004321200697120159,-0.0026283904550334497
2025-08-08,0.01196794539401449,8.66004393202384e-05,0.004393521874993108,-0.0023824002247295572,0.007730801868986136,0.0007066766740619271,-0.0035338098856759438,0.003815318710363531,-0.009148047705043096,0.004740282624255929,-0.020281061438389734
2025-08-11,-0.0029625772001762394,-0.0028452059392232534,-0.008183286095339607,-0.001133516774141841,-0.001130101527214467,-0.005092176012489884,-0.0027524005422308864,-0.0014750341689698453,-0.00807534139893331,-0.008159729472547088,0.0062126603150318566
2025-08-12,0.014192460705965596,0.01757448185786257,0.02144930041380754,0.022448552333627192,0.011858629188233742,0.004946207463633015,0.0048007934891811654,0.008860962465123311,0.006672883287146805,0.005875493574764675,0.02148627774340715
2025-08-13,0.019910955416628417,0.01219245401520402,0.00912521976804581,0.02503738848070946,0.008018274644979664,0.007328338167550021,0.004462333847469961,0.026036362310528156,0.01127378694202358,0.01168534917006095,0.034041626739797236
2025-08-14,-0.000871276386447636,-0.011827341841692162,-0.010698280931301013,-0.011669676367825756,0.0018163957598484838,-0.011026939699405722,-0.007304554485958745,-0.011104423283911181,-0.008079977034855126,0.0019744576226769406,-0.003473658885264357
2025-08-15,0.009683432853407704,-0.004629388958858418,-0.00326263623800077,-0.0002711202017218532,-0.01003109396823664,0.00047911394954396096,-0.006336743480791277,-0.001697706119475066,0.0058755735215780995,-0.0034002201914626077,-0.0023531030178097303
2025-08-18,-0.002849977919036723,0.00309464356519344,0.007172703548746635,0.00303625517004018,-0.00020600203121845517,-0.004052635427634574,-0.0055070244016646565,-0.003973084802249694,-0.008238455399606147,-0.00786300867746298,-0.0018622792174509545
2025-08-19,0.010684145153354474,0.005935122670897403,-0.008022627642595839,0.004561510022758625,0.0009239599677952943,0.008885001491888993,0.011948819744917074,0.008427923280849644,0.018358365419998492,0.0003187304903297005,-0.002268840782236381
2025-08-20,0.005638758592692541,-0.0062348324351125,-0.005998249310850526,-0.009453002017047563,0.005025971942330515,0.0036097051985254217,0.0016773805285404415,-0.0006662363371594232,0.0014418822500043185,0.006755108170382066,-0.0003040356618474414
2025-08-21,-0.008520254976632268,-0.004306054102487605,-0.0037261990797051335,-0.004386444596821986,-0.003730623155908095,-0.003026437382480306,-0.008300675951237964,0.005154946847905111,-0.0033234323420303457,0.005673191102798771,0.006248620870199242
2025-08-22,0.01632441742974691,0.02264800321873996,0.022848294269010853,0.03157627972527657,0.01950041872675073,0.007706540692008244,0.00823734549129971,0.026520323000279428,0.020645529135909044,0.023665305963873565,0.0152931847981235
2025-08-25,-0.014809111847862665,-0.011229778271452353,-0.003473940790770611,-0.0046129690373861955,-0.006764207734237486,-0.01603170244192339,-0.011970770647194042,-0.005984499766828872,-0.005890631768365361,0.003065153244382779,-0.0012545053999842664
2025-08-26,-0.00028227593842913536,0.006504173671002276,0.0008889713893112915,0.0023520842702656098,0.0041951268534175645,-0.00953546722189813,0.001514629517887862,0.0001700857401538385,-0.0029319860056152476,-0.0005581205354194415,0.02336235436217211
2025-08-27,0.0004194596439782088,0.0012293388602908108,0.006451608036415233,0.0053512866288039345,0.0009546083309874586,0.004013451506001481,0.002452747863456574,0.003165874094422525,0.006457500772031881,0.010915435907997338,0.007747698038625466
2025-08-28,-0.006695636055078195,-0.0009682792496053534,0.011842609924902249,0.0004107359304376311,-0.00044614301150176333,-0.01167505264947984,-0.00783072307621904,-0.0009203375682510238,-0.002062952262357739,0.010805022716554863,0.0005488840244592119
2025-08-29,0.007781634720556171,-0.007173612666348622,-0.011920008556087753,-0.004681110182030728,0.0009280742038597965,0.007592405404416677,-0.0005635501890376212,0.003578224897877146,0.006094818841154438,0.00336152991712641,0.003321587913989695
2025-09-02,-0.00445489390107846,-0.009893536140306873,-0.009055910649364075,-0.003939718120128971,-0.008811844681897395,-0.006579002777797684,-0.004669205918837109,-0.010834637966650686,-0.018150203122896634,0.0030401472061470825,-3.420044581604886e-05
2025-09-03,-0.0036614251202876894,-0.0033780344302655964,0.0034791808948605256,0.0009452808124100487,-0.0006256767512844963,0.0006822065206556783,-0.0014311796961559262,-0.010554467267428985,0.0010918579940377596,-0.023211191456669333,0.006057767270934618
2025-09-04,0.0038816002242880766,0.011480106141692915,0.011657211012034128,0.013948772932714576,0.00972500827546858,-0.00228507102285018,-0.0017601395926196194,0.004126120479208749,0.008690077786434854,0.011088207452851622,0.006456311398048721
2025-09-05,0.010364828217631319,-0.0003189877989579735,0.010604353301957397,-0.005676330263173048,-0.014420898422940255,0.007818239470886905,-0.0009375067840888746,0.010221608433972894,0.010810248791578544,-0.016638681224748653,0.006769161272597982
2025-09-08,-0.0035278271325525764,0.0015150247038810234,0.005786854691014249,0.00427102179924218,0.004349270327588902,-0.006423932957763959,-0.011204582150029002,-0.0024873872312427547,-0.007123124051334883,-0.005573960749526838,0.014057243454964244
2025-09-09,-0.00028503865107020945,-0.009071651884353688,0.0021154936658596226,-0.00871305570359106,0.000818380313638766,-0.00020643170260129488,0.007226830709283466,-0.01942044227308843,-0.0017235381339232195,0.001302977337778899,-0.005562384621605174
2025-09-10,-0.014686841537023054,0.005577445028337855,0.0018103673148954975,-0.005866963398531324,-0.0046341105348252955,-0.00905659771856643,0.012464962893340937,0.0011090956128072807,-0.002005082658685164,0.021987210304258455,-0.013917157432034857
2025-09-11,0.021892382132121923,0.01616926597401031,0.012542632913945011,0.018188807429806463,0.01710925789037937,0.007770949899827883,0.0070165357653675054,0.022567488516778544,0.01625276876051073,-0.0013906019611319884,0.024594873609340536
2025-09-12,-0.016782942504958827,-0.01107975160839499,-0.008861853619571447,-0.011411690364063464,-0.004841727586849612,-0.007948118497815699,0.004455650242855829,-0.00965811651829939,-0.006060558858290574,-0.005981787455186394,0.007005257972551221
2025-09-15,-0.0063749893565803375,0.0012082411488721747,0.008259341096793094,-0.001865982574570457,-0.00765900534640728,-0.013163773427264248,-6.862173666423488e-05,-0.0074252925058504145,-0.0015210655539425807,-0.007764272442726145,0.004917969803471626
2025-09-16,8.425220396805832e-05,-0.0037115171573521336,0.0003383489643315249,-0.0027782465322936318,-0.0054954283484029585,0.008860343670467046,-0.01796085517383218,0.0004909483660262521,-0.005086878420342737,0.019545687036778326,-0.010819511655451078
2025-09-17,-0.0007327195587642279,-0.004173638123774004,0.003168242382602565,-0.00178089061530484,0.008286778729870398,3.088947925697436e-05,0.002947966399705368,-0.0011464337349312733,-0.003107272892195765,0.001066454770482561,0.009382466492485619
2025-09-18,0.0077242638833667126,0.009825164275151569,0.02310772220116205,0.005213823011314904,0.003959739054288424,-0.0037640915124947457,0.0007552969970420495,0.001548533752595361,0.003632697928625782,-0.0007383619585899403,-0.0019116896623928893
2025-09-19,-0.0063556417366527436,-0.0026203398167553723,0.0025763016808612697,-0.006335409792588874,-0.00044474929064314343,-0.0034931479926881897,0.005962756288451586,-0.004250228420756929,-0.004640031061018913,-0.014552554081462409,0.006164264564308052
2025-09-22,0.0016258645551745286,0.0016836656692208792,0.013566162585542564,-0.005647262372705248,-0.0020821434988991163,-0.013042148262929824,0.005540622255300745,-0.0034477197705922668,0.0011256364255440496,0.00032364070208666033,0.0005635690237077671
2025-09-23,-0.0003023153622180731,-0.003019161495550182,-0.0077216217555577185,0.0025752182308852595,-0.002002508586149374,0.004506029823651225,0.00965435630683112,-0.005237226053671836,0.00674543009551467,0.022687870192771055,0.002997914032505706
2025-09-24,-0.0027620844993593947,-0.005428438946879527,-0.006841603773373798,0.0011308607972349421,-0.002930354970693651,0.004913482914038337,0.005778349969423885,-0.005440769325281622,-0.009538661888185829,0.015283446884199208,-0.011596187583372114
2025-09-25,-0.0195667407487495,-0.007704876738636394,-0.006538392645417551,-0.013073110260539303,-0.004403074109785698,-0.014627359587764757,-0.010258070866631,-0.017946643491867247,-0.004482219033958068,0.006817086892023857,-0.001085454386510425
2025-09-26,0.011469224012799263,0.010306336313570499,0.0056490224067261355,0.01336610426080567,0.008042579632409208,0.00798228367556259,0.016279760010253795,0.014670939325942595,0.009532549330022759,0.012371105723244104,0.012551463589338877
2025-09-29,0.002336646896970114,0.003869955769585665,0.004240900906671359,0.007339371091687397,0.00496820960555848,0.0013503242022645913,0.00483719426109013,0.0020894520281489535,0.0014291425284598544,-0.013836070485307252,0.011325543347184677
2025-09-30,0.019744667456604744,0.007142299726029039,0.002012918660097264,-0.009258589106857928,-0.005271213028317071,0.004757534151922032,0.004368664353968081,0.007662719307812754,0.004875808967943098,-0.009410611988152967,-0.00031937739707026586
2025-10-01,0.022178236561196902,-0.000772948439534072,0.009441023611138107,0.005657363391656349,-0.009395215566391571,0.0025567681497642527,0.0062071272549210936,-0.009532170286194451,-0.0022804171891946013,0.006709707607785129,-0.014588275175543222
2025-10-02,0.004470890287470767,0.002946241005635358,0.007673676659155146,0.004941113908988112,0.0029982701576929467,-0.0008890385362748545,-0.004711685960143371,0.015497550047624768,-0.004570695165181414,-0.01532752646424589,-0.004393947163002505
2025-10-03,0.012742880405314082,0.0024971957590281236,-0.003464982274878846,-0.0031734044857079785,0.0077109356279759685,0.0033221129101405336,0.011080854056695993,0.002302601852485967,0.0031686886451162528,0.003685440831254509,0.0007923063746158865
2025-10-06,-0.007288430498275879,0.0024704370977901608,0.008908970793479586,-0.005244983178881523,-0.0020876639784327615,-0.009924804292621976,0.007639151924985138,-0.004374218224375099,-0.011446350120599452,0.007345075336534501,-0.0021259443712237183
2025-10-07,-0.003809530579736475,-0.007610612535645337,-0.012888749118752386,-0.018222344173929688,0.002719536956207396,0.006358869489546496,0.0038424388147718395,-0.007158838831017851,-0.003346642294857035,0.001175469860192624,-0.006665607889919521
2025-10-08,0.0026975986646052513,0.009224225198041499,0.019713467462049477,-0.003563818852707607,-0.002123147138859554,-0.003919691153413459,0.005077818403786043,0.0049140630208306885,-0.005249435846119294,-0.006656970528679923,-0.00596046121098109
2025-10-09,-0.006063481609291003,-0.014248161941223884,-0.0058450739041926575,-0.011215647840938469,-0.0033104634650549104,-0.0006725371556339757,-0.005511442990236433,-0.011403188505036502,-0.005261586421149743,-0.017914305378491525,-0.011389585210066383
2025-10-10,-0.018291339700222557,-0.02208310721902763,-0.04453990736215357,-0.022695087906912166,-0.025237380035405075,-0.0011307094546099098,-0.0028172426611641176,-0.028487054280511407,-0.011099520795524303,-0.037535941081530196,-0.018379550118544325
2025-10-13,0.003990036048000929,0.008262469771658391,0.027730531699518536,0.015648770541635715,0.008180450069760502,-0.0016774217087872725,0.005061364542505952,0.01784733752413441,0.005815922303926805,0.014161176836341589,0.007923381527671308
2025-10-14,0.0060557122406533544,0.014581954594413709,-0.0060669173972175685,0.015945209173620235,0.0140564241052531,0.013432281170497986,0.009156778384355057,0.010745023693675452,0.008411384415578932,-0.0017228449895434433,0.008725395988846682
2025-10-15,0.000986198181338994,-0.002307333497437792,0.009364019392383799,0.00012339702621135183,-0.007204180433175073,0.002806988158365946,0.011927086840194763,-0.004200002029488697,0.009329261829467916,0.0031639490799409624,0.004046857189134737
2025-10-16,0.0031231208141304398,-0.004411751828921962,-0.002694178534805418,-0.008001847592685072,-0.03204891705685304,-0.0022761252414693622,-0.009370390867489418,-0.008343919576826874,-0.0034011072975795326,-0.015968914006270093,-0.01374060006378014
2025-10-17,0.007819250992768178,0.0006518896507747745,0.000928518499143306,0.004819897160577158,0.008598780962571028,0.014494025976512108,-0.0009969206325647637,-0.0007515703824111988,0.0051350785171986,0.005618835352952919,0.00571007492918602
2025-10-20,0.015163887697902815,0.012619440997892433,0.011519309219064073,0.00643963729568071,0.01120438744812373,0.00020841981012570849,0.0029752125137322786,0.011378011849127487,0.007828560601130685,0.013899206133543163,0.010211091711980314
2025-10-21,0.005777062154956969,0.009052239726913169,0.007012268640377464,0.019062805030326598,0.0041180867530022135,-0.006107111451645772,-0.007531514141595922,0.0014804684410374374,0.0006092329393777323,0.0018142783022736682,0.00408587180268509
2025-10-22,0.002025686454155127,-0.01692097489311557,-0.014941725546507639,-0.007394350844062288,-0.005691446931931052,0.003526722745720637,0.00011940388905701797,-0.0017347554625721335,0.005542818570485413,0.011243676879051484,-0.008066301891869784
2025-10-23,0.00032250572336953826,0.010070989346838543,0.014997194734486314,0.005265929738790246,0.0023413423449273776,-0.006937719446011029,-0.0038439572342786037,0.01917859008888948,-0.001334026919605158,0.01950200094345317,-0.0033600307364105297
2025-10-24,0.00041030998561565813,0.005606603613220983,0.00947126894622886,-0.002283472171396158,0.008037554873734172,-0.0031827816206013715,0.00789085032320898,0.0009867889140211144,0.0026834679484313713,-0.0130929204785586,0.0011414943078509228
2025-10-27,0.0015127251612381811,0.0036602582562880867,0.01372306117248138,0.005954733565633362,0.002761687427135196,0.006066279778109519,0.0005936732989969551,0.0027293605660875624,0.0009788629006881636,0.00164724500402319,0.011869292162417019
2025-10-28,-0.007608084930561429,-0.007974550129948696,-0.004391228311028271,-0.011796353957302039,-0.00858748587138484,-0.010122833652711941,-0.01387698261703166,-0.0030490684542510407,-0.02688548129986289,-0.013969959733624608,-0.004677178149806505
2025-10-29,-0.010507751110999287,-0.003645783783672203,0.00016945534613697048,-0.02129673268594006,-0.02183370826711341,-0.028518674103040452,-0.004232660940454333,-0.022158762671274864,-0.030370045045845152,0.004969927797682844,-0.008800297841431623
2025-10-30,-0.004767087375195745,-0.0009884654236335466,-0.006526034605183279,-0.01623662117176,-0.0004289396020938039,-0.0008495829021144751,-0.001738971958442633,-0.0348560080077902,0.002716540881155468,-0.002269538282365081,-0.0026574317992458843
2025-10-31,0.0032604204363482726,0.003128434040740474,0.008747199994041036,0.0012437026305095844,0.0033850455032149035,-0.0004119071016825569,-0.006488415338258248,-0.000912494042360934,0.0007144104997703653,0.007538037206481168,0.006249465229647362
2025-11-03,0.0005541427219369969,-0.0059733351556262105,-0.0007819194197013295,-0.005137558945955453,-0.00253110046082546,-0.007249608434680807,4.6943511405375046e-05,-0.009979143168042883,-0.002795163803440463,0.007867492447567091,-0.011022912467359555
2025-11-04,0.0035795284330790342,-0.005849548072461602,-0.030657616693135926,-0.011663194956540736,0.003694137945657407,0.0018812148287688769,-0.0003067748226932422,-0.006177637460479582,0.0022855981898860477,-0.012764826230296698,-0.007418823355815267
2025-11-05,-0.0005767825419536862,0.006677913791205773,0.01929218383680728,0.011267168024907416,0.00452968649910159,0.0027459839220785307,0.0018501569218633605,0.005956258067297325,0.0006948464901217048,0.00528163100058281,0.003614961542809302
2025-11-06,-0.006646764315796349,-0.008185666217366784,-0.012577214578706914,-0.02301336638436092,-0.004783314928339459,-0.0091633191253157,-0.002783337194265758,-0.010103030018762242,-0.00630692894205422,0.019500868609778056,-0.010385674446016796
2025-11-07,0.0054859805473880955,0.007211013910942762,-0.0007982886826388237,0.019915676454439053,0.009930104998144227,0.017307980175735264,0.012616161084845989,0.01959076078645338,0.016631571161765793,0.012069034908656311,0.005764179129914217
2025-11-10,-0.0007444603933448449,0.003149820445434364,0.019541355206455214,0.006196695648713605,0.004774968248057223,-0.0025206207398209405,-0.00077741652695113,0.00706535836167716,-0.0025071561570086404,0.009962099892706654,0.005221527273181245
2025-11-11,0.022855691120164084,0.00021586301887262428,-0.010409091221417916,0.0047488914184871485,0.005331027691221073,0.014319667321638288,0.0024400371368589083,0.007299668818964822,0.011658758163501242,0.014989028234006253,0.00928480942383684
2025-11-12,0.007763113698000996,0.002420312499326846,0.004082031288236828,0.004961914262551982,0.007277105338890185,-0.0023201814901005254,0.0021277336348412075,0.0028608726831060092,-0.008094933702836545,-0.012501661906098617,-0.0037333765440421274
2025-11-13,-0.004743971384415129,-0.014870780245760943,-0.028981520663061002,-0.013142615592669995,-0.01230940431558052,0.0018219424479009728,-0.010193944070356793,0.0016341852352897749,-0.013286622464456343,-2.1900047701755625e-05,-0.013706518702635659
2025-11-14,-0.008660363180675888,-0.003952170580401485,-0.0007093117309840729,-0.006196416612383446,-0.0065472875919523965,-0.0019248830101176082,0.0007995394437906705,-0.008824611083467927,0.0019277966792677795,0.017814434610542752,-0.0062279394601663
2025-11-17,-0.006481304323622439,-0.013410628507135865,-0.01838469561285019,-0.020249200190306984,-0.021606276061514083,-0.008894155322482795,0.006783033607749051,-0.02059624677899986,-0.010035059073992731,-0.020835619956713448,-0.005793023676534966
2025-11-18,0.00573931271650623,-0.0013526017933052246,-0.010296379835420127,-0.0008616059113644813,0.00036288108584224635,0.0075762435958674716,-0.0033937719193813908,0.0015253516150188198,0.0029010904459627583,0.007629246592539481,0.007580664152076704
2025-11-19,-0.005717375564696575,0.0009403744226503451,0.004313231162212944,-0.003155507913735361,0.0022344238534311956,-0.009249134411774374,-0.012710486160366952,-0.000699117010522847,-0.00687371985835095,-0.012253475490802045,-0.00897282111315302
2025-11-20,-0.006694672718541885,-0.013629023850474738,-0.03169001809009183,-0.01656376458497044,-0.0067567586509994304,0.002271709970783424,-0.003274321434761957,-0.01611587780497992,-0.003674686078905424,-0.01584660194208398,-0.011582401126385205
2025-11-21,0.03150434268854065,0.021724942606550987,0.018473978364227938,0.03388365982688891,0.015064270194459009,0.017206506439782332,0.004292441625611756,0.029476781478552646,0.016547022661521242,0.010317817158214755,0.018417836285698375
2025-11-24,0.010326377614286477,0.001709557518716853,0.02092989237352019,-0.0019444559354142338,0.0031742340499905618,-0.008479088976263342,0.010089019656580926,0.002389430931714536,-0.00046627026590870165,0.0006037711770650903,-0.001957963047073926
2025-11-25,0.02209596912528444,0.017952475216548854,0.012022104851972786,0.03393259273408304,0.013060956273644696,0.012929250766323843,-0.004327437695168702,0.020349222326262264,0.010208745499786773,-0.004231036175764414,0.00997353748913661
2025-11-26,-0.0013850225683062797,0.005440172817424373,0.008897052477788653,0.008080226431291483,0.00641581487312016,0.011176407155349326,0.01247942712245408,0.014933300343152135,0.003857524157816433,0.010397918971432617,0.003891319096162522
2025-11-28,-0.001308011025571088,0.004266249280074383,0.01354106693740883,0.0035647619974085542,0.0045872784762863526,0.004581961917681865,0.005899933751706058,0.0068984264222150884,0.003319127939286724,0.015410366567807548,0.007488218771125381
2025-12-01,-0.015593161137037556,-0.00915764040999682,-0.002493403254342444,0.0032227619051159013,-0.005345889586727156,-0.0008732036767066273,-0.023089938906811606,-0.002256078708631418,-0.011941469275290132,0.009413702191148747,-0.0017013167525258832
2025-12-02,-0.004323190872039181,0.00554806745193425,0.012383155464607425,-0.0028401531477540887,-0.0012388245703481618,-0.007909698338521563,-0.010288415422521239,-0.011157609359892587,-0.0014326174669900898,-0.011736662621477899,0.002260618074983775
2025-12-03,0.005991640550620784,0.011367709803384808,0.011911069443444626,0.009194385810203607,0.012744859032970048,-0.0007090132770799147,-0.003028530439909844,0.007299383905743305,-0.0023409169452542973,0.02323869703546423,-0.003137824582497603
2025-12-04,-0.0019221911530420287,0.0031290373699723066,0.007050461572063053,-0.007510825438077242,0.0048462316383190915,-0.0005386769847428495,-0.0013404900808304772,-0.00948390036134881,-0.005977656062848792,0.0060504054499997606,0.0066231780114046485
2025-12-05,0.0005899520078776733,-0.00029791918338849683,0.009515491282360988,0.0070826035176441825,-0.0003777748255971587,0.004451643125073794,-0.007319366782386341,0.0007140552409538917,-0.0027219651792099874,-9.641605401164685e-05,0.010978295955602494
2025-12-08,-0.012294258473179496,-0.0039214175073840835,0.003133494838023591,-0.005539404215326014,-0.003812220490678088,-0.007026044702205977,-0.010675489387590758,-0.0098859106295191,-0.006929192402039203,-0.015519877962551533,0.0009590695319962039
2025-12-09,-0.0051210341878471476,-0.007762293719571631,0.002932862725499932,-0.006210499280389081,0.006268054212488486,-0.0029175270622735835,0.001707166551721135,-0.0037786567328054648,-0.0031617716998411202,0.002905162728438079,0.0032529809258363407
2025-12-10,0.01670922310653009,0.020431756233324497,0.012213662912518342,0.01991924744905626,0.013362207000346607,0.007920664913068334,-0.0024978138073876257,0.02558863824726456,0.006332804313007137,0.007494889081170701,0.010708112327650949
2025-12-11,0.008389219630357556,0.011302318521348246,0.00290710886593384,0.014646181389730556,0.013823433829610312,0.009532812371461464,0.0050233901208305036,0.015930170191508573,0.007857195674968521,-0.008039916345441126,-0.001524441886378583
2025-12-12,-0.00265027581485214,-0.008929594369930443,-0.029404222894633947,0.0011569415560161941,-0.0005112988564311524,0.005624448292612687,-0.00021897022133421015,-0.0007471033173584383,-0.00026035288222956495,-0.011578837471837437,-0.00014183612143501648
2025-12-15,0.006001953541056395,0.0012231692404137547,-0.006602485707234581,0.005130632482544528,-0.0002190951552955401,0.0012714269759579754,0.009081790000079108,-0.005186126906770591,0.004454665031883015,-0.009314409966491325,-0.0016299812666434044
2025-12-16,-0.013883345871772906,-0.005320235042602854,-0.0025720302802160993,-0.005656921098319203,-0.003613248005119698,-0.0031563193897408406,-0.006360006975401604,-0.0064426544607174945,-0.009400898399219941,-0.034028424327447876,0.0006137217464409114
2025-12-17,-0.0001905240254111614,-0.011950039926299323,-0.0169114139298738,-0.004101899371155028,0.0008262927408406555,0.003532544669941072,-0.002315224353329082,0.007122077082010747,0.009123035852570037,0.024741878979065945,-0.004147056388822133
2025-12-18,-0.0007026653934897954,0.005126922551103472,0.011922093526505827,0.005033376474420537,-0.0021296762191686403,-0.0053216763697541015,0.008116844235843922,0.0028892739325750445,-0.0037602027088629746,-0.017839895981713295,0.003600122310377587
2025-12-19,0.0069662388120815535,0.006940258355084256,0.017570687113260004,-0.0012962249842653623,0.004999341036684036,-0.011042619108135322,-0.012361764666531171,-9.470177128255287e-05,-0.005171107478784153,0.0020262662676111794,0.0005374961368070363
2025-12-22,0.007997305060144708,0.011241452364778732,0.0082789729457482,0.004153503269558024,0.011443782215703023,-0.002354971424764011,0.0050014505576262734,0.009421304872735235,0.008956966938426538,0.008850411416159871,0.008368654283116556
2025-12-23,-0.004539929357948867,-0.0019594235384837295,-0.0036757308201435177,-0.007569578660412478,-0.001314988915634159,-0.00948532992318012,0.0025072796854432294,-0.0011991297144445456,-0.002584567028669941,0.004959349185872163,0.0029884871544781783
2025-12-24,0.003447180465931441,0.002826354583172867,0.0021649034517085626,0.005611331580809836,0.003933998175605874,0.007819961361382348,0.004856520094084126,0.002983295258576768,0.007994779062114647,-0.004985212447743152,0.007093345892203219
2025-12-26,0.0021262265608299963,-0.0011089134071145335,0.0013849205590948572,5.616431859715205e-05,-0.0017012543505899825,0.0014829399299296827,-0.0007772645946955184,0.007319741216443999,0.0015255254519947273,-0.0044912147692239635,-0.0012821338280501842
2025-12-29,-0.002184668037499499,-0.002907341890010553,-0.0052175558603770504,-0.004757770613401102,-0.0032466081524842347,-0.00017516084996773587,0.003030847765652552,-0.0043210727211155245,0.0030286402007010885,0.010132667281570836,0.0007628928245922798
2025-12-30,-0.000427330890630008,-0.003733781423904977,-0.004339181500699414,-0.003842334656932428,-0.004764768579662272,-0.0006255658747788535,0.0030300974169128934,-0.00104960079880117,0.0028449633769816623,0.008999851713294786,0.0016545916210757988
2025-12-31,-0.007256907186543511,-0.009383664283070142,-0.012400898720368373,-0.007746070853484456,-0.0089143739742763,-0.006751745041663159,-0.006456757929274682,-0.007573799572128616,-0.008240734126537972,-0.00770087319723033,-0.0052642427019775105
2026-01-02,0.006541234156602933,0.014684737620420172,0.005666530821898147,0.007567856242080873,0.0018374109677412136,0.00300340329340642,0.01152812678494542,0.018969379914940517,-0.00041241011927748144,0.02128092254914933,-0.0032857671410136866
2026-01-05,0.014153199775537684,0.013595407601465404,0.004272094154116539,0.009930604507650185,0.02369147831262876,-0.007812015100253389,-0.012478372191960893,0.00782056764429294,0.00043550359342829056,0.014302806994973912,0.0066831247949478145
2026-01-06,0.02370316928850525,0.01274126794740483,0.026674909308077546,0.015636378858779436,0.005072038334556138,0.0023976195668436646,0.0061816851694793526,0.02185794171495707,0.010791810823632023,-0.019988875850201846,-0.0010588635161413128
2026-01-07,-0.0007135614458413728,-0.016017821567890552,-0.010538362916416352,-0.008192183847180833,-0.012569072984122277,-0.012803684202217957,-0.021057639055724935,-0.018626659306279367,-0.014915915730829156,-0.008831605102673945,-0.005519783200917422
2026-01-08,-0.005085868423231286,0.012550279265741326,-0.013408131469609392,0.022536198020710323,0.009040591768703195,0.024890323755800164,0.004662470196788176,0.02445413973452218,0.01109390817155712,0.032043695397446,0.004425729336002489
2026-01-09,-0.0007924992090196942,0.013695411369786244,0.011155010800391248,0.009055133259740429,-0.004761692903965559,0.01001300275734613,0.009359699246535694,0.014882491957979672,-0.0011381136128647803,-0.004120009935229162,-0.0002662723456107417
2026-01-12,-0.0037253824495975373,0.004273576602763143,0.0034844157846804563,-4.769992547805159e-05,-0.004496678979468433,0.008888960032326322,0.0015554380193305787,0.0019391686414701,0.0022177664473456366,-0.007128580899542073,0.0006674944673044451
2026-01-13,-0.004095718186913751,0.0020849688575598282,-0.0017164442197441555,0.004008492408177379,-0.013596345330370524,0.010494423772283231,0.007435862729650327,0.0061426169338003175,0.005670173105874924,0.016291877344179865,-0.005078792427008233
2026-01-14,0.006055375699329698,0.0020795559773820475,-0.007353577878801533,-0.010768300940575033,0.005627434476198083,0.018681309589707196,0.009218762738025752,0.007033105678231,0.011693084299238526,0.01763047514122411,0.005136683353238927
2026-01-15,0.005373754946151819,0.011365014367407403,0.00429410562807126,0.008408986721209053,0.0016393872171695718,0.005998184698169673,0.010260901791614853,0.005392124408811454,0.007620900714262791,-0.010416406817322007,-0.008727496383636324
2026-01-16,-0.010703822010267577,0.00306564621239179,-0.0035488848019559747,-0.011680897906769806,-0.002155555678237997,-0.009958521626020607,-0.0006402724717091976,-0.008688409367213107,0.014050605252228192,0.0015992539136521716,-0.010952389907187715
2026-01-20,-0.00811508737987719,-0.02053275693983493,-0.022439968770923236,-0.023927918637007717,-0.020459735563826558,0.006723841332791286,-0.01007014571208718,-0.012748059115648408,-0.018138528873609238,-0.0016933333406965255,-0.012034527444888232
2026-01-21,0.020045405840961084,0.02094647842568552,0.019539015941265808,0.024815259912206584,0.0111516973698344,-0.0016169554520622804,0.003945706084520026,0.028108107862547967,0.005753694054166667,0.031231095863206715,0.008016077450771838
2026-01-22,0.0013012781834029164,-0.0002952414115040067,0.011062077556397066,0.001925351894839946,0.0060101450004444385,-0.002506456021389703,-0.007469852658649659,0.004045120102227914,-0.0078706086240127,0.0036190473758792837,0.01021334096209047
2026-01-23,-0.0093582514761268,-0.00816039747253489,-0.008031656470934163,-0.005272633352392178,-0.01185842805659777,0.005377799829653893,-0.005515986954251358,0.009462920951111552,0.004113521260479881,0.00585903190253493,0.004981094264480341
2026-01-26,0.0045008745909329365,-0.00013076295803930802,0.008495655955001945,-0.0029925568066018642,0.0036176512661847547,0.0003755220011539648,0.009363971266062988,-0.0014659064134843766,-0.0033257358217252575,-6.664195976814235e-05,-0.000703841450131327
2026-01-27,-0.014190129881147913,-0.0013504237533519972,0.008646138300287683,-0.001702382579066559,-0.009249682772364185,0.006746790172904081,0.011492664839717018,-0.0018120712374776462,-0.00033984245308916355,0.006574683440640979,-0.010695141993599269
2026-01-28,-0.00927068969587241,-0.005788865192635131,0.008765138704830613,-0.009390104965651017,-0.0007627984074297482,-0.01240914770567399,-0.003745142284039993,-0.003912409082026012,-0.014261171304561475,0.009272219360642143,-0.0029145189230124816
2026-01-29,-0.0030073036444427568,0.007559893745581329,-0.018659059458244906,0.0031522281936307533,0.006119821294167546,-0.0017655977381376968,-0.0011900247128934871,-0.0005905786540657122,0.011015207128813567,0.006105566712262372,0.005331477374881548
2026-01-30,0.0023685550694660497,-0.0022992269873572837,-0.020515710870043023,-0.00622476580918978,-0.0005743408165680145,0.016454676890158875,-0.0006854000468607492,-0.008878728984995183,0.0017341282427888998,0.006167064316553687,0.009512247748210014
2026-02-02,0.0022833848781868304,0.011640111591685971,0.013853220353272341,0.015624388325833719,0.004499987467462874,0.004666681022886723,-0.013329482592088222,0.007286473450478645,-0.011797507313920944,-0.021138730211495246,-0.002719243413602667
2026-02-03,-0.0074567971983164685,0.005641125973003088,-0.027542273387690885,-0.004475603606440466,-0.01901687725333056,0.016175208646762196,0.016061049946691545,0.02680651648064385,-0.004917390426928381,0.030450478440707505,-0.025104513228770973
2026-02-04,0.008660290048083908,0.012533922179006549,-0.0006252993299943767,0.015653294396616738,0.010641004986198795,0.020629847234659143,-0.003896183766230075,0.03414389290000391,0.018880750322144344,0.024043155917241984,-0.0019186604456565466
2026-02-05,0.00048572490854060916,-0.007788486083708673,-0.016838322957114703,-0.013825872745406817,-0.013961112396245486,-0.004973555558047064,0.002212752050141605,-0.030782135062137454,-0.00885979758495526,-0.010624217841308337,-0.010515059649127837
2026-02-06,0.009826364738314804,0.02590243874534807,0.03708434038794656,0.020098077392947354,0.017750498319233515,0.011093767714635817,0.005155680544117858,0.026282198469278407,0.01582125598963079,0.022525800721204657,0.0010002665039406066
2026-02-09,-0.008251753316565132,0.0016985532949690518,0.014365402893870088,-0.0049470605164840965,-0.006964241307863045,-0.0023911987898298124,0.0024710348774381785,0.011381098742107094,0.006381657905622807,0.002339788189291395,0.008871505701699372
2026-02-10,-0.0008131239102742795,0.002998863443635812,-0.00023037531948573404,0.007640874557858287,-0.005883681347347008,0.002070354887774688,0.017285138968888433,0.01903262013389282,0.015330901515501377,-0.0007798602211440787,0.01477767615614041
2026-02-11,0.005215411807618681,0.0027416384967288415,-0.004879892805891052,-0.004132269305196358,-0.015888821577956104,0.013755556087992327,0.008440368265669214,0.015606179767900907,-0.0059409886376437316,0.027152905299005572,-0.011809671251647317
2026-02-12,-0.018132536518023146,-0.019763410684768987,-0.0269845163903298,-0.015417668332199026,-0.01829700496374302,0.0037409441943426257,0.015935590346185306,-0.018448594894476922,-0.008433644924273682,-0.016619143276166225,-0.026292447063924296
2026-02-13,0.012214047344898286,0.010004682442791858,0.016984860907689393,0.002039778495726787,0.0061486116588902965,0.0015359286426265002,0.027698134709543333,0.005077519115347527,0.014697112060499234,0.015155082693712659,0.007275915478441151
2026-02-17,-0.0009815149991865332,0.002811757112870381,-0.008963036475127644,-0.00048658928449652313,0.008110097476827243,-0.016953707548629095,-0.002132946165543836,-0.01240577136545399,0.008834495993284638,-0.010595432767008165,0.0016102288756969368
2026-02-18,0.013349836781578833,0.003781463097132606,0.010535446113831006,0.013190117696057092,0.010710537091261081,0.005019531231987531,-0.016550230756310066,0.005058217465178393,-0.006539513505630219,0.017009531481879805,0.005426925084511934
2026-02-19,-0.0021394329676415174,0.002267144230378776,-0.007915453942641034,-0.010269510529188414,-0.007866275422355379,-0.003953132072409,0.011483570907311594,-0.004770521421642585,-0.003965293092318347,0.014596155102582942,0.002408749574721638
2026-02-20,0.001142131610150613,0.00479122678632984,0.0036286448197010435,0.008454853868476267,0.005947545001214716,0.003936241460868359,0.0051719028529930815,0.000944020017068863,0.005156577386423414,0.0030723577874392,0.009391683707417872
2026-02-23,0.0011750249288365736,-0.017794999445164918,-0.025180612075405895,-0.024860840632885517,-0.030211227134194517,0.008389834800900903,0.006367259442893757,-0.006876010808943768,0.0005625950915473315,-0.004130193333306881,-0.015061766785401049
2026-02-24,-0.0009236431259819405,0.011706385444002751,0.016209547329490925,0.013668592796819928,0.008626508029216785,0.009035514499246645,0.007794283717287552,0.007393040471487179,0.0027675371779206075,0.0017818249604156335,0.009130365505428941
2026-02-25,0.0011503570426082603,-0.006377321902515579,0.016934005382236036,-0.003861342740956219,0.01641453618524966,-0.014704858777642328,0.002526897246086865,-0.008515630311645477,-0.005727462138071949,-0.007352423954425455,-0.0031102218011506283
2026-02-26,0.004082698560125167,0.014011285620131427,0.0011543042421077372,0.016636586533288412,0.01312388014962315,0.0034217184098033833,-0.000302045446620803,-0.0016800597045020622,0.006299105514264789,0.007560654463784919,0.0147111309076386
2026-02-27,0.01340923800290699,-0.0004344661080571499,-0.0031932256565233366,-0.005211684093292664,-0.01782831516141758,0.011245741947889677,0.011394632488052715,0.007879982103499843,-0.0008478240591559335,0.01536333587805438,0.020270663799809824
2026-03-02,-0.009554073150447054,0.004469771598187539,0.005616851190788433,-0.020195614826097837,0.007068622064475379,-0.014167742310571768,-0.010816181806518214,-0.00308638649963644,0.0013057790716248295,0.023530867601753866,-0.0004608977524237871
2026-03-03,-0.015487768271553942,-0.014265113798427383,-0.011182336786213918,-0.008277365365313745,-0.005957304792417057,-0.014101040418074182,-0.006414637791614904,-0.019720448681160213,-0.004517210626850982,-0.008250408281615284,-0.0027439907529604643
2026-03-04,0.005786618673150877,-0.00024644546551369186,0.013811864144541011,0.004138077169202414,0.006263904229476324,-0.010160922384548852,0.005385021581318863,-0.0007248031218512454,0.005063300602431936,-0.002922110509398375,0.0033299724529305915
2026-03-05,-0.01932862240768982,-0.018749122153120665,-0.0009379051320607049,-0.002819125366811757,-0.005343955881351087,-0.015083535949610444,-0.009802890468074588,-0.013168454219730218,-0.007861075272000353,0.004314176337726905,0.00348465789855879
2026-03-06,-0.017761519898623,-0.0165602580402062,-0.01938923638821336,-0.017362926741925258,-0.014845936189515763,0.0037302695006636404,-0.0014602177275567319,-0.020248475841143015,-0.011393641587905184,0.001603617554898215,-0.004619690252070767
2026-03-09,0.00892478494534726,0.004953248463237605,0.014732503073571719,0.0023293693158812157,-0.007225201552752401,-0.002719609391269806,0.0003734498526165049,0.00300447441389498,-0.0006268079022784113,-0.0010578476989396947,-0.0027898046915797864
2026-03-10,-0.016672959038947322,-0.011551037854244488,-0.006155028367656737,-0.008888664444443,-0.008361909435170279,-0.003916121916098073,-0.005446749753012894,-0.004759856319628429,-0.0037792716162365508,-0.012897377828987078,-0.010634079882464209
2026-03-11,0.00043432944110546043,-0.004129862038880825,-0.0006186291650962966,-0.005889252601200244,-0.008841869223071272,-0.017251216704659476,-0.007023666505291683,0.004527155433424757,-0.013863948995183742,0.025234495595763497,-0.003031957673669164
2026-03-12,-0.023790657944585014,-0.026018183700435123,-0.02043985508858378,-0.024051612899798902,-0.01816221775973197,-0.015803298347651568,0.007677730047269463,0.005425779241119046,-0.006624996178112218,0.004312748487963203,-0.015477070596572736
2026-03-13,-0.0031607592426254882,-0.0017894533620132456,0.001247079960289745,-0.003327030833398795,0.0019896209563119134,0.003818066076921577,0.010212174867950563,-0.011386044101738069,-0.0006750512028551413,-9.203123103592019e-05,-0.0010498677507743924
2026-03-16,0.007049666415015464,0.007370346985804628,0.0127876324023589,0.009457455569113923,0.006857153634137316,0.001898852704461179,0.005680412504146282,-0.0006250771468904029,0.0064852513849966605,0.0034415064688485793,0.006556220185733559
2026-03-17,0.006204220154873635,0.006095395970875411,0.007095298842662586,0.009444592251908305,0.0076424767435068226,7.471592522093587e-05,-0.002916052632693685,0.009136264515208482,0.0057022650848957785,0.013173872834550605,-0.001543958073895041
2026-03-18,-0.013778598851997847,-0.01132884824573317,-0.009062997651627089,-0.019861801114562407,-0.013190766581817144,-0.022138277821014875,-0.007660791681732822,-0.019068590596693066,-0.01628345006713746,0.00162083751203811,-0.017736087038512618
2026-03-19,-0.004176383756022787,-0.002042860383950615,0.011178388228772054,0.0011287844649017695,-0.0008795597791476059,-0.008737201843849848,-0.006699216479661666,-0.016637605704248118,-0.000272015547570557,0.020471190463712353,-0.0014424624966802857
2026-03-20,-0.008877743910249775,-0.014243578543005349,-0.021854555233778737,-0.018597059447185926,0.0009662073631164073,-0.009338937839029372,-0.03793420577498132,-0.02290977694785056,-0.029905874029581413,-0.003450233520148217,-0.0025130398294151424
2026-03-23,0.003737738726446969,0.011868959169537391,0.012476258632265964,0.021431697905434866,0.009931937698833526,0.005677900414536233,0.009155582910774973,0.023784781946738043,0.008462671337467052,0.00999397741160721,0.004851923931019543
2026-03-24,0.002838735515737233,0.0029077446771225393,-0.0026594350292237358,-0.003753676510063253,-0.003280607101248337,-0.004161202764921025,0.00565043592130234,0.025383568991124938,-0.008111759875776002,0.022204557872696616,-0.008570330164089784
2026-03-25,0.007824345799966681,0.005236472503511851,0.006753562159309055,0.004320391604129665,-0.001024380356402928,0.005925708292117048,0.0022118758395625014,0.021824196471681392,-0.00044471500927385283,0.0022218120657124603,0.004509508448794987
2026-03-26,-0.0010570358251186893,-0.019731660513859436,-0.02484746065039104,-0.012178212020166062,-0.00306032477366399,-0.0026029428246074574,0.003575493672965158,-0.006797011442286501,0.0022527917799845944,0.014994684103244293,-0.011304715890575518
2026-03-27,-0.024316782680092696,-0.014002615120554228,-0.021618056753857733,-0.025536721897256413,-0.023641176956125606,0.011339357550492962,0.005109709587995378,-0.0024151080708738155,-0.010441359327482896,0.013438741275398574,-0.009173451515379414
2026-03-30,0.0007328330820506605,-0.010468818477976096,-0.016005351409918933,-0.0010731269275871238,0.012719877739634846,-0.0034550981889546256,0.007097370124138437,0.0029628617916257595,0.006816500764557166,-0.018406028496674012,0.010153927121430461
2026-03-31,0.02097227178976548,0.02948989641180505,0.03849514172500452,0.030300628510807757,0.02106074871525202,0.003223707260079685,0.0019673365261860523,0.021321770408360433,0.013458342020741183,-0.010505075967833021,0.015580261858345578
2026-04-01,0.004913509712960393,0.01113612906143575,0.011926212558044784,0.0006259583510220981,-0.0007987471664677135,-0.008195175788551274,0.005763729898692478,0.006234728098297799,-0.00020108869565885648,-0.032416302269925985,0.00028782224837924547
2026-04-02,-0.0019648694162388305,-0.003987006746730409,0.010135925848585381,-0.005877114023558271,0.005239569723117522,0.0045470918754897125,0.00719215590762286,-0.003424539958410656,0.018343555768472786,0.005824193255138721,0.006053089843992211
2026-04-06,0.00030714757724568215,0.00380718472226951,0.003219484634841416,0.013373075733063977,0.0063826940617017535,0.011378656345286804,-0.004099314569459391,-0.004492538879461408,0.00360248922942041,0.005200127894007519,0.003007537309372509
2026-04-07,0.0007704601712187078,-0.005215840079410389,0.0033522054635583254,-0.015242353106187174,-0.0019888421499999463,-0.015263047103459843,0.0023751847659019562,-0.0013542647192316126,-0.0007987689564494375,0.007912782764387383,0.001920382059954609
2026-04-08,0.023961702885500143,0.0356228783817328,0.027852741342231847,0.03564843145515006,0.025937580173691386,0.011815712389489518,0.010258422410803422,0.03189364717142564,0.015183908711821712,-0.03082566908849178,0.011067323841647
2026-04-09,-0.004324852233400301,0.006190403293516974,-0.011230342793248945,0.00586823518343786,-0.0010622204431906196,0.009205907644877526,0.010307339042587784,-0.008959301930911668,0.0035293589584310483,-0.01512058465536092,0.0019642091488204644
2026-04-10,-0.011433627577974786,-0.007135296765798551,-0.009393330634348166,-0.006565844456085553,-0.014015877073786159,-0.010670282245458419,-0.00561345887423956,0.004630591410466025,0.0021753289758401555,-0.0009787942306181306,-0.006194410699263422
2026-04-13,0.013114071067530512,0.011277746799388758,0.030218857423762027,0.010644997609230841,0.02484376117986946,-0.007815508557601143,-0.011860431667300142,0.009927839406468086,0.0037592549790766267,0.0011563531078501367,0.010990885076030682
2026-04-14,0.0076921718215715975,0.005083843049622926,0.003625804701909152,0.008402815458687264,0.005629372458616889,0.0005938000642203125,0.002237760044228462,-0.006537918972991328,0.011564026048156192,-0.022185654278667047,0.009855990608950307
2026-04-15,-0.004410653803519226,-0.012185401652999885,0.013182934263025579,0.007209658591050355,0.013377850976388134,-0.004326958800962692,-0.009235687452714825,-0.011202578330370049,0.0009970524505787195,-0.0011806083076042221,0.00961240930720221
2026-04-16,-0.004218684511407486,0.00025850282008954285,0.019767949042228453,-0.00423148760918908,-0.001269283170915976,0.0071350875890948025,0.006769739980396231,0.01361587601242092,0.005369623395518411,0.014315227364583965,0.014117813753957925
2026-04-17,0.01763032436079484,0.019331089668977505,0.013706095176954758,0.031109941138911662,0.010325351535081528,0.011402033757047732,-0.0036169127169053835,-0.0025515854780402644,0.019701709251788876,-0.027422782794566867,0.001171472716757239
2026-04-20,-0.0019932687138276544,0.003937119750180456,0.01011560130682903,0.0052861363130496065,0.004117270476270783,0.0005657220343414888,-0.009317550635855511,0.006120001546563558,0.004667731788304965,0.0019279779665088174,0.0020385878033925323
2026-04-21,-0.009742163340886978,-0.009529089153246219,0.004958880028199886,-0.009812276267747777,-0.002159443207856175,-0.009615028232769792,-0.017177349847297907,-0.007326472589328213,-0.02038648303474965,0.016542991690224204,-0.01221248009481112
2026-04-22,0.002684816259877734,-0.00636107056562392,0.009706738448130964,-0.007924328959054565,-0.0011733964652889536,-8.680163623365857e-05,-0.0024797602434889414,-0.005233050339020237,-0.007035434610655728,0.01702643254992148,0.006613266814129219
2026-04-23,-0.007672606862807244,0.01318892095939007,-0.016392353472393862,-0.012063936125692495,-0.010544112303394824,0.011593347595799162,0.02326793621677332,-0.0010100997366856664,0.009278046712943501,0.00861048167582274,-0.005710981664141583
2026-04-24,-0.007281656305770239,-0.008880328726455411,0.019400543996897085,-0.0028788121948754913,-0.007217353682741106,-0.0025646378507050067,-0.0006888705476810824,-0.0027208366179809103,-0.003406455092198176,0.00328897357343886,-0.017117567386501
